[ 4424.622720] mpp_av1dec av1d-master: AV1SHIM r[0][398]=00000000
[ 4424.622725] mpp_av1dec av1d-master: AV1SHIM r[0][399]=00000000
[ 4424.622729] mpp_av1dec av1d-master: AV1SHIM r[0][400]=00000000
[ 4424.622734] mpp_av1dec av1d-master: AV1SHIM r[0][401]=00000000
[ 4424.622739] mpp_av1dec av1d-master: AV1SHIM r[0][402]=00000000
[ 4424.622743] mpp_av1dec av1d-master: AV1SHIM r[0][403]=00000000
[ 4424.622747] mpp_av1dec av1d-master: AV1SHIM r[0][404]=00000000
[ 4424.622752] mpp_av1dec av1d-master: AV1SHIM r[0][405]=00000000
[ 4424.622757] mpp_av1dec av1d-master: AV1SHIM r[0][406]=00000000
[ 4424.622761] mpp_av1dec av1d-master: AV1SHIM r[0][407]=00000000
[ 4424.622766] mpp_av1dec av1d-master: AV1SHIM r[0][408]=00000000
[ 4424.622770] mpp_av1dec av1d-master: AV1SHIM r[0][409]=00000000
[ 4424.622774] mpp_av1dec av1d-master: AV1SHIM r[0][410]=00000000
[ 4424.622779] mpp_av1dec av1d-master: AV1SHIM r[0][411]=00000000
[ 4424.622783] mpp_av1dec av1d-master: AV1SHIM r[0][412]=00000000
[ 4424.622788] mpp_av1dec av1d-master: AV1SHIM r[0][413]=00000000
[ 4424.622792] mpp_av1dec av1d-master: AV1SHIM r[0][414]=00000000
[ 4424.622797] mpp_av1dec av1d-master: AV1SHIM r[0][415]=00000000
[ 4424.622801] mpp_av1dec av1d-master: AV1SHIM r[0][416]=00000000
[ 4424.622806] mpp_av1dec av1d-master: AV1SHIM r[0][417]=00000000
[ 4424.622810] mpp_av1dec av1d-master: AV1SHIM r[0][418]=00000000
[ 4424.622815] mpp_av1dec av1d-master: AV1SHIM r[0][419]=00000000
[ 4424.622819] mpp_av1dec av1d-master: AV1SHIM r[0][420]=00000000
[ 4424.622823] mpp_av1dec av1d-master: AV1SHIM r[0][421]=00000000
[ 4424.622828] mpp_av1dec av1d-master: AV1SHIM r[0][422]=00000000
[ 4424.622832] mpp_av1dec av1d-master: AV1SHIM r[0][423]=00000000
[ 4424.622837] mpp_av1dec av1d-master: AV1SHIM r[0][424]=00000000
[ 4424.622841] mpp_av1dec av1d-master: AV1SHIM r[0][425]=00000000
[ 4424.622846] mpp_av1dec av1d-master: AV1SHIM r[0][426]=00000000
[ 4424.622851] mpp_av1dec av1d-master: AV1SHIM r[0][427]=00000000
[ 4424.622855] mpp_av1dec av1d-master: AV1SHIM r[0][428]=00000000
[ 4424.622859] mpp_av1dec av1d-master: AV1SHIM r[0][429]=00000000
[ 4424.622864] mpp_av1dec av1d-master: AV1SHIM r[0][430]=00000000
[ 4424.622868] mpp_av1dec av1d-master: AV1SHIM r[0][431]=00000000
[ 4424.622873] mpp_av1dec av1d-master: AV1SHIM r[0][432]=00000000
[ 4424.622877] mpp_av1dec av1d-master: AV1SHIM r[0][433]=00000000
[ 4424.622882] mpp_av1dec av1d-master: AV1SHIM r[0][434]=00000000
[ 4424.622886] mpp_av1dec av1d-master: AV1SHIM r[0][435]=00000000
[ 4424.622890] mpp_av1dec av1d-master: AV1SHIM r[0][436]=00000000
[ 4424.622895] mpp_av1dec av1d-master: AV1SHIM r[0][437]=00000000
[ 4424.622900] mpp_av1dec av1d-master: AV1SHIM r[0][438]=00000000
[ 4424.622904] mpp_av1dec av1d-master: AV1SHIM r[0][439]=00000000
[ 4424.622908] mpp_av1dec av1d-master: AV1SHIM r[0][440]=00000000
[ 4424.622921] mpp_av1dec av1d-master: AV1SHIM r[0][441]=00000000
[ 4424.622929] mpp_av1dec av1d-master: AV1SHIM r[0][442]=00000000
[ 4424.622937] mpp_av1dec av1d-master: AV1SHIM r[0][443]=00000000
[ 4424.622945] mpp_av1dec av1d-master: AV1SHIM r[0][444]=00000000
[ 4424.622953] mpp_av1dec av1d-master: AV1SHIM r[0][445]=00000000
[ 4424.622961] mpp_av1dec av1d-master: AV1SHIM r[0][446]=00000000
[ 4424.622969] mpp_av1dec av1d-master: AV1SHIM r[0][447]=00000000
[ 4424.622977] mpp_av1dec av1d-master: AV1SHIM r[0][448]=00000000
[ 4424.622985] mpp_av1dec av1d-master: AV1SHIM r[0][449]=00000000
[ 4424.622993] mpp_av1dec av1d-master: AV1SHIM r[0][450]=00000000
[ 4424.623001] mpp_av1dec av1d-master: AV1SHIM r[0][451]=00000000
[ 4424.623009] mpp_av1dec av1d-master: AV1SHIM r[0][452]=00000000
[ 4424.623017] mpp_av1dec av1d-master: AV1SHIM r[0][453]=00000000
[ 4424.623025] mpp_av1dec av1d-master: AV1SHIM r[0][454]=00000000
[ 4424.623033] mpp_av1dec av1d-master: AV1SHIM r[0][455]=00000000
[ 4424.623041] mpp_av1dec av1d-master: AV1SHIM r[0][456]=00000000
[ 4424.623049] mpp_av1dec av1d-master: AV1SHIM r[0][457]=00000000
[ 4424.623057] mpp_av1dec av1d-master: AV1SHIM r[0][458]=00000000
[ 4424.623065] mpp_av1dec av1d-master: AV1SHIM r[0][459]=00000000
[ 4424.623076] mpp_av1dec av1d-master: AV1SHIM r[0][460]=00000000
[ 4424.623085] mpp_av1dec av1d-master: AV1SHIM r[0][461]=00000000
[ 4424.623095] mpp_av1dec av1d-master: AV1SHIM r[0][462]=00000000
[ 4424.623103] mpp_av1dec av1d-master: AV1SHIM r[0][463]=00000000
[ 4424.623111] mpp_av1dec av1d-master: AV1SHIM r[0][464]=00000000
[ 4424.623119] mpp_av1dec av1d-master: AV1SHIM r[0][465]=00000000
[ 4424.623127] mpp_av1dec av1d-master: AV1SHIM r[0][466]=00000000
[ 4424.623135] mpp_av1dec av1d-master: AV1SHIM r[0][467]=00000000
[ 4424.623143] mpp_av1dec av1d-master: AV1SHIM r[0][468]=00000000
[ 4424.623152] mpp_av1dec av1d-master: AV1SHIM r[0][469]=00000000
[ 4424.623159] mpp_av1dec av1d-master: AV1SHIM r[0][470]=00000000
[ 4424.623168] mpp_av1dec av1d-master: AV1SHIM r[0][471]=00000000
[ 4424.623175] mpp_av1dec av1d-master: AV1SHIM r[0][472]=00000000
[ 4424.623183] mpp_av1dec av1d-master: AV1SHIM r[0][473]=00000000
[ 4424.623191] mpp_av1dec av1d-master: AV1SHIM r[0][474]=00000000
[ 4424.623199] mpp_av1dec av1d-master: AV1SHIM r[0][475]=00000000
[ 4424.623207] mpp_av1dec av1d-master: AV1SHIM r[0][476]=00000000
[ 4424.623215] mpp_av1dec av1d-master: AV1SHIM r[0][477]=00000000
[ 4424.623223] mpp_av1dec av1d-master: AV1SHIM r[0][478]=00000000
[ 4424.623231] mpp_av1dec av1d-master: AV1SHIM r[0][479]=00000000
[ 4424.623239] mpp_av1dec av1d-master: AV1SHIM r[0][480]=00000000
[ 4424.623244] mpp_av1dec av1d-master: AV1SHIM r[0][481]=00000000
[ 4424.623248] mpp_av1dec av1d-master: AV1SHIM r[0][482]=00000000
[ 4424.623253] mpp_av1dec av1d-master: AV1SHIM r[0][483]=00000000
[ 4424.623258] mpp_av1dec av1d-master: AV1SHIM r[0][484]=00000000
[ 4424.623262] mpp_av1dec av1d-master: AV1SHIM r[0][485]=00000000
[ 4424.623267] mpp_av1dec av1d-master: AV1SHIM r[0][486]=00000000
[ 4424.623272] mpp_av1dec av1d-master: AV1SHIM r[0][487]=00000000
[ 4424.623276] mpp_av1dec av1d-master: AV1SHIM r[0][488]=00000000
[ 4424.623281] mpp_av1dec av1d-master: AV1SHIM r[0][489]=00000000
[ 4424.623285] mpp_av1dec av1d-master: AV1SHIM r[0][490]=00000000
[ 4424.623290] mpp_av1dec av1d-master: AV1SHIM r[0][491]=00000000
[ 4424.623294] mpp_av1dec av1d-master: AV1SHIM r[0][492]=00000000
[ 4424.623299] mpp_av1dec av1d-master: AV1SHIM r[0][493]=00000000
[ 4424.623303] mpp_av1dec av1d-master: AV1SHIM r[0][494]=00000000
[ 4424.623308] mpp_av1dec av1d-master: AV1SHIM r[0][495]=00000000
[ 4424.623312] mpp_av1dec av1d-master: AV1SHIM r[0][496]=00000000
[ 4424.623317] mpp_av1dec av1d-master: AV1SHIM r[0][497]=00000000
[ 4424.623322] mpp_av1dec av1d-master: AV1SHIM r[0][498]=00000000
[ 4424.623326] mpp_av1dec av1d-master: AV1SHIM r[0][499]=00000000
[ 4424.623331] mpp_av1dec av1d-master: AV1SHIM r[0][500]=00000000
[ 4424.623335] mpp_av1dec av1d-master: AV1SHIM r[0][501]=00000000
[ 4424.623340] mpp_av1dec av1d-master: AV1SHIM r[0][502]=00000000
[ 4424.623344] mpp_av1dec av1d-master: AV1SHIM r[0][503]=00000000
[ 4424.623349] mpp_av1dec av1d-master: AV1SHIM r[0][504]=00000000
[ 4424.623353] mpp_av1dec av1d-master: AV1SHIM r[0][505]=00000000
[ 4424.623357] mpp_av1dec av1d-master: AV1SHIM r[0][506]=00000000
[ 4424.623362] mpp_av1dec av1d-master: AV1SHIM r[0][507]=00000000
[ 4424.623366] mpp_av1dec av1d-master: AV1SHIM r[0][508]=00000000
[ 4424.623371] mpp_av1dec av1d-master: AV1SHIM r[0][509]=00000000
[ 4424.623376] mpp_av1dec av1d-master: AV1SHIM r[0][510]=00000000
[ 4424.623380] mpp_av1dec av1d-master: AV1SHIM r[0][511]=00000000
[ 4424.623385] mpp_av1dec av1d-master: AV1SHIM class=1 count=166
[ 4424.623389] mpp_av1dec av1d-master: AV1SHIM r[1][000]=00000000
[ 4424.623394] mpp_av1dec av1d-master: AV1SHIM r[1][001]=00000000
[ 4424.623398] mpp_av1dec av1d-master: AV1SHIM r[1][002]=00000000
[ 4424.623402] mpp_av1dec av1d-master: AV1SHIM r[1][003]=00000000
[ 4424.623407] mpp_av1dec av1d-master: AV1SHIM r[1][004]=00000000
[ 4424.623411] mpp_av1dec av1d-master: AV1SHIM r[1][005]=00000000
[ 4424.623416] mpp_av1dec av1d-master: AV1SHIM r[1][006]=00000000
[ 4424.623420] mpp_av1dec av1d-master: AV1SHIM r[1][007]=00000000
[ 4424.623425] mpp_av1dec av1d-master: AV1SHIM r[1][008]=00000000
[ 4424.623429] mpp_av1dec av1d-master: AV1SHIM r[1][009]=00000000
[ 4424.623434] mpp_av1dec av1d-master: AV1SHIM r[1][010]=00000000
[ 4424.623438] mpp_av1dec av1d-master: AV1SHIM r[1][011]=00000000
[ 4424.623442] mpp_av1dec av1d-master: AV1SHIM r[1][012]=00000000
[ 4424.623447] mpp_av1dec av1d-master: AV1SHIM r[1][013]=00000000
[ 4424.623451] mpp_av1dec av1d-master: AV1SHIM r[1][014]=00000000
[ 4424.623456] mpp_av1dec av1d-master: AV1SHIM r[1][015]=00000000
[ 4424.623460] mpp_av1dec av1d-master: AV1SHIM r[1][016]=00000000
[ 4424.623465] mpp_av1dec av1d-master: AV1SHIM r[1][017]=00000000
[ 4424.623469] mpp_av1dec av1d-master: AV1SHIM r[1][018]=00000000
[ 4424.623474] mpp_av1dec av1d-master: AV1SHIM r[1][019]=00000000
[ 4424.623478] mpp_av1dec av1d-master: AV1SHIM r[1][020]=00000000
[ 4424.623483] mpp_av1dec av1d-master: AV1SHIM r[1][021]=00000000
[ 4424.623487] mpp_av1dec av1d-master: AV1SHIM r[1][022]=00000000
[ 4424.623492] mpp_av1dec av1d-master: AV1SHIM r[1][023]=00000000
[ 4424.623496] mpp_av1dec av1d-master: AV1SHIM r[1][024]=00000000
[ 4424.623501] mpp_av1dec av1d-master: AV1SHIM r[1][025]=00000000
[ 4424.623505] mpp_av1dec av1d-master: AV1SHIM r[1][026]=00000000
[ 4424.623509] mpp_av1dec av1d-master: AV1SHIM r[1][027]=00000000
[ 4424.623514] mpp_av1dec av1d-master: AV1SHIM r[1][028]=00000000
[ 4424.623518] mpp_av1dec av1d-master: AV1SHIM r[1][029]=00000000
[ 4424.623523] mpp_av1dec av1d-master: AV1SHIM r[1][030]=00000000
[ 4424.623527] mpp_av1dec av1d-master: AV1SHIM r[1][031]=00000000
[ 4424.623532] mpp_av1dec av1d-master: AV1SHIM r[1][032]=00000000
[ 4424.623537] mpp_av1dec av1d-master: AV1SHIM r[1][033]=00000000
[ 4424.623541] mpp_av1dec av1d-master: AV1SHIM r[1][034]=00000000
[ 4424.623545] mpp_av1dec av1d-master: AV1SHIM r[1][035]=00000000
[ 4424.623550] mpp_av1dec av1d-master: AV1SHIM r[1][036]=00000000
[ 4424.623554] mpp_av1dec av1d-master: AV1SHIM r[1][037]=00000000
[ 4424.623559] mpp_av1dec av1d-master: AV1SHIM r[1][038]=00000000
[ 4424.623563] mpp_av1dec av1d-master: AV1SHIM r[1][039]=00000000
[ 4424.623568] mpp_av1dec av1d-master: AV1SHIM r[1][040]=00000000
[ 4424.623572] mpp_av1dec av1d-master: AV1SHIM r[1][041]=00000000
[ 4424.623577] mpp_av1dec av1d-master: AV1SHIM r[1][042]=00000000
[ 4424.623581] mpp_av1dec av1d-master: AV1SHIM r[1][043]=00000000
[ 4424.623613] mpp_av1dec av1d-master: AV1SHIM r[1][044]=00000000
[ 4424.623618] mpp_av1dec av1d-master: AV1SHIM r[1][045]=00000000
[ 4424.623622] mpp_av1dec av1d-master: AV1SHIM r[1][046]=00000000
[ 4424.623626] mpp_av1dec av1d-master: AV1SHIM r[1][047]=00000000
[ 4424.623631] mpp_av1dec av1d-master: AV1SHIM r[1][048]=00000000
[ 4424.623635] mpp_av1dec av1d-master: AV1SHIM r[1][049]=00000000
[ 4424.623639] mpp_av1dec av1d-master: AV1SHIM r[1][050]=00000000
[ 4424.623643] mpp_av1dec av1d-master: AV1SHIM r[1][051]=00000000
[ 4424.623647] mpp_av1dec av1d-master: AV1SHIM r[1][052]=00000000
[ 4424.623652] mpp_av1dec av1d-master: AV1SHIM r[1][053]=00000000
[ 4424.623656] mpp_av1dec av1d-master: AV1SHIM r[1][054]=00000000
[ 4424.623660] mpp_av1dec av1d-master: AV1SHIM r[1][055]=00000000
[ 4424.623664] mpp_av1dec av1d-master: AV1SHIM r[1][056]=00000000
[ 4424.623668] mpp_av1dec av1d-master: AV1SHIM r[1][057]=00000000
[ 4424.623673] mpp_av1dec av1d-master: AV1SHIM r[1][058]=00000000
[ 4424.623677] mpp_av1dec av1d-master: AV1SHIM r[1][059]=00000000
[ 4424.623681] mpp_av1dec av1d-master: AV1SHIM r[1][060]=00000000
[ 4424.623685] mpp_av1dec av1d-master: AV1SHIM r[1][061]=00000000
[ 4424.623691] mpp_av1dec av1d-master: AV1SHIM r[1][062]=00000000
[ 4424.623695] mpp_av1dec av1d-master: AV1SHIM r[1][063]=00000000
[ 4424.623700] mpp_av1dec av1d-master: AV1SHIM r[1][064]=00000000
[ 4424.623704] mpp_av1dec av1d-master: AV1SHIM r[1][065]=00000000
[ 4424.623709] mpp_av1dec av1d-master: AV1SHIM r[1][066]=00000000
[ 4424.623713] mpp_av1dec av1d-master: AV1SHIM r[1][067]=00000000
[ 4424.623717] mpp_av1dec av1d-master: AV1SHIM r[1][068]=00000000
[ 4424.623722] mpp_av1dec av1d-master: AV1SHIM r[1][069]=00000000
[ 4424.623726] mpp_av1dec av1d-master: AV1SHIM r[1][070]=00000000
[ 4424.623731] mpp_av1dec av1d-master: AV1SHIM r[1][071]=00000000
[ 4424.623735] mpp_av1dec av1d-master: AV1SHIM r[1][072]=00000000
[ 4424.623740] mpp_av1dec av1d-master: AV1SHIM r[1][073]=00000000
[ 4424.623752] mpp_av1dec av1d-master: AV1SHIM r[1][074]=00000000
[ 4424.623761] mpp_av1dec av1d-master: AV1SHIM r[1][075]=00000000
[ 4424.623769] mpp_av1dec av1d-master: AV1SHIM r[1][076]=00000000
[ 4424.623777] mpp_av1dec av1d-master: AV1SHIM r[1][077]=00000000
[ 4424.623785] mpp_av1dec av1d-master: AV1SHIM r[1][078]=00000000
[ 4424.623793] mpp_av1dec av1d-master: AV1SHIM r[1][079]=00000000
[ 4424.623801] mpp_av1dec av1d-master: AV1SHIM r[1][080]=00000000
[ 4424.623809] mpp_av1dec av1d-master: AV1SHIM r[1][081]=00000000
[ 4424.623817] mpp_av1dec av1d-master: AV1SHIM r[1][082]=00000000
[ 4424.623825] mpp_av1dec av1d-master: AV1SHIM r[1][083]=00000000
[ 4424.623833] mpp_av1dec av1d-master: AV1SHIM r[1][084]=00000000
[ 4424.623841] mpp_av1dec av1d-master: AV1SHIM r[1][085]=00000000
[ 4424.623849] mpp_av1dec av1d-master: AV1SHIM r[1][086]=00000000
[ 4424.623857] mpp_av1dec av1d-master: AV1SHIM r[1][087]=00000000
[ 4424.623866] mpp_av1dec av1d-master: AV1SHIM r[1][088]=00000000
[ 4424.623873] mpp_av1dec av1d-master: AV1SHIM r[1][089]=00000000
[ 4424.623882] mpp_av1dec av1d-master: AV1SHIM r[1][090]=00000000
[ 4424.623889] mpp_av1dec av1d-master: AV1SHIM r[1][091]=00000000
[ 4424.623898] mpp_av1dec av1d-master: AV1SHIM r[1][092]=00000000
[ 4424.623908] mpp_av1dec av1d-master: AV1SHIM r[1][093]=00000000
[ 4424.623918] mpp_av1dec av1d-master: AV1SHIM r[1][094]=00000000
[ 4424.623928] mpp_av1dec av1d-master: AV1SHIM r[1][095]=00000000
[ 4424.623936] mpp_av1dec av1d-master: AV1SHIM r[1][096]=00000000
[ 4424.623944] mpp_av1dec av1d-master: AV1SHIM r[1][097]=00000000
[ 4424.623952] mpp_av1dec av1d-master: AV1SHIM r[1][098]=00000000
[ 4424.623960] mpp_av1dec av1d-master: AV1SHIM r[1][099]=00000000
[ 4424.623968] mpp_av1dec av1d-master: AV1SHIM r[1][100]=00000000
[ 4424.623976] mpp_av1dec av1d-master: AV1SHIM r[1][101]=00000000
[ 4424.623985] mpp_av1dec av1d-master: AV1SHIM r[1][102]=00000000
[ 4424.623993] mpp_av1dec av1d-master: AV1SHIM r[1][103]=00000000
[ 4424.624001] mpp_av1dec av1d-master: AV1SHIM r[1][104]=00000000
[ 4424.624009] mpp_av1dec av1d-master: AV1SHIM r[1][105]=00000000
[ 4424.624017] mpp_av1dec av1d-master: AV1SHIM r[1][106]=00000000
[ 4424.624024] mpp_av1dec av1d-master: AV1SHIM r[1][107]=00000000
[ 4424.624033] mpp_av1dec av1d-master: AV1SHIM r[1][108]=00000000
[ 4424.624041] mpp_av1dec av1d-master: AV1SHIM r[1][109]=00000000
[ 4424.624048] mpp_av1dec av1d-master: AV1SHIM r[1][110]=00000000
[ 4424.624057] mpp_av1dec av1d-master: AV1SHIM r[1][111]=00000000
[ 4424.624064] mpp_av1dec av1d-master: AV1SHIM r[1][112]=00000000
[ 4424.624072] mpp_av1dec av1d-master: AV1SHIM r[1][113]=00000000
[ 4424.624077] mpp_av1dec av1d-master: AV1SHIM r[1][114]=00000000
[ 4424.624082] mpp_av1dec av1d-master: AV1SHIM r[1][115]=00000000
[ 4424.624086] mpp_av1dec av1d-master: AV1SHIM r[1][116]=00000000
[ 4424.624091] mpp_av1dec av1d-master: AV1SHIM r[1][117]=00000000
[ 4424.624095] mpp_av1dec av1d-master: AV1SHIM r[1][118]=00000000
[ 4424.624100] mpp_av1dec av1d-master: AV1SHIM r[1][119]=00000000
[ 4424.624105] mpp_av1dec av1d-master: AV1SHIM r[1][120]=00000000
[ 4424.624109] mpp_av1dec av1d-master: AV1SHIM r[1][121]=00000000
[ 4424.624114] mpp_av1dec av1d-master: AV1SHIM r[1][122]=00000000
[ 4424.624118] mpp_av1dec av1d-master: AV1SHIM r[1][123]=00000000
[ 4424.624123] mpp_av1dec av1d-master: AV1SHIM r[1][124]=00000000
[ 4424.624127] mpp_av1dec av1d-master: AV1SHIM r[1][125]=00000000
[ 4424.624132] mpp_av1dec av1d-master: AV1SHIM r[1][126]=00000000
[ 4424.624136] mpp_av1dec av1d-master: AV1SHIM r[1][127]=00000000
[ 4424.624141] mpp_av1dec av1d-master: AV1SHIM r[1][128]=00000000
[ 4424.624146] mpp_av1dec av1d-master: AV1SHIM r[1][129]=00000000
[ 4424.624150] mpp_av1dec av1d-master: AV1SHIM r[1][130]=00000000
[ 4424.624155] mpp_av1dec av1d-master: AV1SHIM r[1][131]=00000000
[ 4424.624159] mpp_av1dec av1d-master: AV1SHIM r[1][132]=00000000
[ 4424.624164] mpp_av1dec av1d-master: AV1SHIM r[1][133]=00000000
[ 4424.624168] mpp_av1dec av1d-master: AV1SHIM r[1][134]=00000000
[ 4424.624172] mpp_av1dec av1d-master: AV1SHIM r[1][135]=00000000
[ 4424.624177] mpp_av1dec av1d-master: AV1SHIM r[1][136]=00000000
[ 4424.624181] mpp_av1dec av1d-master: AV1SHIM r[1][137]=00000000
[ 4424.624186] mpp_av1dec av1d-master: AV1SHIM r[1][138]=00000000
[ 4424.624190] mpp_av1dec av1d-master: AV1SHIM r[1][139]=00000000
[ 4424.624195] mpp_av1dec av1d-master: AV1SHIM r[1][140]=00000000
[ 4424.624200] mpp_av1dec av1d-master: AV1SHIM r[1][141]=00000000
[ 4424.624204] mpp_av1dec av1d-master: AV1SHIM r[1][142]=00000000
[ 4424.624209] mpp_av1dec av1d-master: AV1SHIM r[1][143]=00000000
[ 4424.624213] mpp_av1dec av1d-master: AV1SHIM r[1][144]=00000000
[ 4424.624218] mpp_av1dec av1d-master: AV1SHIM r[1][145]=00000000
[ 4424.624222] mpp_av1dec av1d-master: AV1SHIM r[1][146]=00000000
[ 4424.624227] mpp_av1dec av1d-master: AV1SHIM r[1][147]=00000000
[ 4424.624231] mpp_av1dec av1d-master: AV1SHIM r[1][148]=00000000
[ 4424.624236] mpp_av1dec av1d-master: AV1SHIM r[1][149]=00000000
[ 4424.624240] mpp_av1dec av1d-master: AV1SHIM r[1][150]=00000000
[ 4424.624245] mpp_av1dec av1d-master: AV1SHIM r[1][151]=00000000
[ 4424.624249] mpp_av1dec av1d-master: AV1SHIM r[1][152]=00000000
[ 4424.624254] mpp_av1dec av1d-master: AV1SHIM r[1][153]=00000000
[ 4424.624258] mpp_av1dec av1d-master: AV1SHIM r[1][154]=00000000
[ 4424.624263] mpp_av1dec av1d-master: AV1SHIM r[1][155]=00000000
[ 4424.624267] mpp_av1dec av1d-master: AV1SHIM r[1][156]=00000000
[ 4424.624272] mpp_av1dec av1d-master: AV1SHIM r[1][157]=00000000
[ 4424.624276] mpp_av1dec av1d-master: AV1SHIM r[1][158]=00000000
[ 4424.624281] mpp_av1dec av1d-master: AV1SHIM r[1][159]=00000000
[ 4424.624285] mpp_av1dec av1d-master: AV1SHIM r[1][160]=00000000
[ 4424.624290] mpp_av1dec av1d-master: AV1SHIM r[1][161]=00000000
[ 4424.624294] mpp_av1dec av1d-master: AV1SHIM r[1][162]=00000000
[ 4424.624299] mpp_av1dec av1d-master: AV1SHIM r[1][163]=00000000
[ 4424.624303] mpp_av1dec av1d-master: AV1SHIM r[1][164]=00000000
[ 4424.624307] mpp_av1dec av1d-master: AV1SHIM r[1][165]=00000000
[ 4424.624312] mpp_av1dec av1d-master: AV1SHIM class=2 count=212
[ 4424.624316] mpp_av1dec av1d-master: AV1SHIM r[2][000]=00000000
[ 4424.624321] mpp_av1dec av1d-master: AV1SHIM r[2][001]=00000000
[ 4424.624325] mpp_av1dec av1d-master: AV1SHIM r[2][002]=00000000
[ 4424.624330] mpp_av1dec av1d-master: AV1SHIM r[2][003]=00000000
[ 4424.624334] mpp_av1dec av1d-master: AV1SHIM r[2][004]=00000000
[ 4424.624339] mpp_av1dec av1d-master: AV1SHIM r[2][005]=00000000
[ 4424.624343] mpp_av1dec av1d-master: AV1SHIM r[2][006]=00000000
[ 4424.624347] mpp_av1dec av1d-master: AV1SHIM r[2][007]=00000000
[ 4424.624352] mpp_av1dec av1d-master: AV1SHIM r[2][008]=00000000
[ 4424.624356] mpp_av1dec av1d-master: AV1SHIM r[2][009]=00000000
[ 4424.624361] mpp_av1dec av1d-master: AV1SHIM r[2][010]=00000000
[ 4424.624365] mpp_av1dec av1d-master: AV1SHIM r[2][011]=00000000
[ 4424.624370] mpp_av1dec av1d-master: AV1SHIM r[2][012]=00000000
[ 4424.624374] mpp_av1dec av1d-master: AV1SHIM r[2][013]=00000000
[ 4424.624379] mpp_av1dec av1d-master: AV1SHIM r[2][014]=00000000
[ 4424.624383] mpp_av1dec av1d-master: AV1SHIM r[2][015]=00000000
[ 4424.624388] mpp_av1dec av1d-master: AV1SHIM r[2][016]=00000000
[ 4424.624392] mpp_av1dec av1d-master: AV1SHIM r[2][017]=00000000
[ 4424.624397] mpp_av1dec av1d-master: AV1SHIM r[2][018]=00000000
[ 4424.624401] mpp_av1dec av1d-master: AV1SHIM r[2][019]=00000000
[ 4424.624406] mpp_av1dec av1d-master: AV1SHIM r[2][020]=00000000
[ 4424.624410] mpp_av1dec av1d-master: AV1SHIM r[2][021]=00000000
[ 4424.624415] mpp_av1dec av1d-master: AV1SHIM r[2][022]=00000000
[ 4424.624419] mpp_av1dec av1d-master: AV1SHIM r[2][023]=00000000
[ 4424.624424] mpp_av1dec av1d-master: AV1SHIM r[2][024]=00000000
[ 4424.624428] mpp_av1dec av1d-master: AV1SHIM r[2][025]=00000000
[ 4424.624433] mpp_av1dec av1d-master: AV1SHIM r[2][026]=00000000
[ 4424.624437] mpp_av1dec av1d-master: AV1SHIM r[2][027]=00000000
[ 4424.624442] mpp_av1dec av1d-master: AV1SHIM r[2][028]=00000000
[ 4424.624447] mpp_av1dec av1d-master: AV1SHIM r[2][029]=00000000
[ 4424.624451] mpp_av1dec av1d-master: AV1SHIM r[2][030]=00000000
[ 4424.624456] mpp_av1dec av1d-master: AV1SHIM r[2][031]=00000000
[ 4424.624460] mpp_av1dec av1d-master: AV1SHIM r[2][032]=00000000
[ 4424.624464] mpp_av1dec av1d-master: AV1SHIM r[2][033]=00000000
[ 4424.624469] mpp_av1dec av1d-master: AV1SHIM r[2][034]=00000000
[ 4424.624473] mpp_av1dec av1d-master: AV1SHIM r[2][035]=00000000
[ 4424.624478] mpp_av1dec av1d-master: AV1SHIM r[2][036]=00000000
[ 4424.624482] mpp_av1dec av1d-master: AV1SHIM r[2][037]=00000000
[ 4424.624487] mpp_av1dec av1d-master: AV1SHIM r[2][038]=00000000
[ 4424.624491] mpp_av1dec av1d-master: AV1SHIM r[2][039]=00000000
[ 4424.624496] mpp_av1dec av1d-master: AV1SHIM r[2][040]=00000000
[ 4424.624500] mpp_av1dec av1d-master: AV1SHIM r[2][041]=00000000
[ 4424.624505] mpp_av1dec av1d-master: AV1SHIM r[2][042]=00000000
[ 4424.624510] mpp_av1dec av1d-master: AV1SHIM r[2][043]=00000000
[ 4424.624514] mpp_av1dec av1d-master: AV1SHIM r[2][044]=00000000
[ 4424.624518] mpp_av1dec av1d-master: AV1SHIM r[2][045]=00000000
[ 4424.624523] mpp_av1dec av1d-master: AV1SHIM r[2][046]=00000000
[ 4424.624527] mpp_av1dec av1d-master: AV1SHIM r[2][047]=00000000
[ 4424.624532] mpp_av1dec av1d-master: AV1SHIM r[2][048]=00000000
[ 4424.624536] mpp_av1dec av1d-master: AV1SHIM r[2][049]=00000000
[ 4424.624541] mpp_av1dec av1d-master: AV1SHIM r[2][050]=00000000
[ 4424.624545] mpp_av1dec av1d-master: AV1SHIM r[2][051]=00000000
[ 4424.624550] mpp_av1dec av1d-master: AV1SHIM r[2][052]=00000000
[ 4424.624554] mpp_av1dec av1d-master: AV1SHIM r[2][053]=00000000
[ 4424.624566] mpp_av1dec av1d-master: AV1SHIM r[2][054]=00000000
[ 4424.624575] mpp_av1dec av1d-master: AV1SHIM r[2][055]=00000000
[ 4424.624583] mpp_av1dec av1d-master: AV1SHIM r[2][056]=00000000
[ 4424.624591] mpp_av1dec av1d-master: AV1SHIM r[2][057]=00000000
[ 4424.624599] mpp_av1dec av1d-master: AV1SHIM r[2][058]=00000000
[ 4424.624607] mpp_av1dec av1d-master: AV1SHIM r[2][059]=00000000
[ 4424.624615] mpp_av1dec av1d-master: AV1SHIM r[2][060]=00000000
[ 4424.624623] mpp_av1dec av1d-master: AV1SHIM r[2][061]=00000000
[ 4424.624631] mpp_av1dec av1d-master: AV1SHIM r[2][062]=00000000
[ 4424.624639] mpp_av1dec av1d-master: AV1SHIM r[2][063]=00000000
[ 4424.624647] mpp_av1dec av1d-master: AV1SHIM r[2][064]=00000000
[ 4424.624655] mpp_av1dec av1d-master: AV1SHIM r[2][065]=00000000
[ 4424.624663] mpp_av1dec av1d-master: AV1SHIM r[2][066]=00000000
[ 4424.624671] mpp_av1dec av1d-master: AV1SHIM r[2][067]=00000000
[ 4424.624679] mpp_av1dec av1d-master: AV1SHIM r[2][068]=00000000
[ 4424.624687] mpp_av1dec av1d-master: AV1SHIM r[2][069]=00000000
[ 4424.624694] mpp_av1dec av1d-master: AV1SHIM r[2][070]=00000000
[ 4424.624704] mpp_av1dec av1d-master: AV1SHIM r[2][071]=00000000
[ 4424.624715] mpp_av1dec av1d-master: AV1SHIM r[2][072]=00000000
[ 4424.624723] mpp_av1dec av1d-master: AV1SHIM r[2][073]=00000000
[ 4424.624731] mpp_av1dec av1d-master: AV1SHIM r[2][074]=00000000
[ 4424.624739] mpp_av1dec av1d-master: AV1SHIM r[2][075]=00000000
[ 4424.624747] mpp_av1dec av1d-master: AV1SHIM r[2][076]=00000000
[ 4424.624755] mpp_av1dec av1d-master: AV1SHIM r[2][077]=00000000
[ 4424.624763] mpp_av1dec av1d-master: AV1SHIM r[2][078]=00000000
[ 4424.624771] mpp_av1dec av1d-master: AV1SHIM r[2][079]=00000000
[ 4424.624779] mpp_av1dec av1d-master: AV1SHIM r[2][080]=00000000
[ 4424.624787] mpp_av1dec av1d-master: AV1SHIM r[2][081]=00000000
[ 4424.624795] mpp_av1dec av1d-master: AV1SHIM r[2][082]=00000000
[ 4424.624803] mpp_av1dec av1d-master: AV1SHIM r[2][083]=00000000
[ 4424.624811] mpp_av1dec av1d-master: AV1SHIM r[2][084]=00000000
[ 4424.624819] mpp_av1dec av1d-master: AV1SHIM r[2][085]=00000000
[ 4424.624827] mpp_av1dec av1d-master: AV1SHIM r[2][086]=00000000
[ 4424.624835] mpp_av1dec av1d-master: AV1SHIM r[2][087]=00000000
[ 4424.624843] mpp_av1dec av1d-master: AV1SHIM r[2][088]=00000000
[ 4424.624851] mpp_av1dec av1d-master: AV1SHIM r[2][089]=00000000
[ 4424.624859] mpp_av1dec av1d-master: AV1SHIM r[2][090]=00000000
[ 4424.624870] mpp_av1dec av1d-master: AV1SHIM r[2][091]=00000000
[ 4424.624879] mpp_av1dec av1d-master: AV1SHIM r[2][092]=00000000
[ 4424.624887] mpp_av1dec av1d-master: AV1SHIM r[2][093]=00000000
[ 4424.624891] mpp_av1dec av1d-master: AV1SHIM r[2][094]=00000000
[ 4424.624896] mpp_av1dec av1d-master: AV1SHIM r[2][095]=00000000
[ 4424.624900] mpp_av1dec av1d-master: AV1SHIM r[2][096]=00000000
[ 4424.624904] mpp_av1dec av1d-master: AV1SHIM r[2][097]=00000000
[ 4424.624908] mpp_av1dec av1d-master: AV1SHIM r[2][098]=00000000
[ 4424.624913] mpp_av1dec av1d-master: AV1SHIM r[2][099]=00000000
[ 4424.624917] mpp_av1dec av1d-master: AV1SHIM r[2][100]=00000000
[ 4424.624921] mpp_av1dec av1d-master: AV1SHIM r[2][101]=00000000
[ 4424.624925] mpp_av1dec av1d-master: AV1SHIM r[2][102]=00000000
[ 4424.624929] mpp_av1dec av1d-master: AV1SHIM r[2][103]=00000000
[ 4424.624934] mpp_av1dec av1d-master: AV1SHIM r[2][104]=00000000
[ 4424.624938] mpp_av1dec av1d-master: AV1SHIM r[2][105]=00000000
[ 4424.624942] mpp_av1dec av1d-master: AV1SHIM r[2][106]=00000000
[ 4424.624946] mpp_av1dec av1d-master: AV1SHIM r[2][107]=00000000
[ 4424.624950] mpp_av1dec av1d-master: AV1SHIM r[2][108]=00000000
[ 4424.624954] mpp_av1dec av1d-master: AV1SHIM r[2][109]=00000000
[ 4424.624959] mpp_av1dec av1d-master: AV1SHIM r[2][110]=00000000
[ 4424.624963] mpp_av1dec av1d-master: AV1SHIM r[2][111]=00000000
[ 4424.624967] mpp_av1dec av1d-master: AV1SHIM r[2][112]=00000000
[ 4424.624971] mpp_av1dec av1d-master: AV1SHIM r[2][113]=00000000
[ 4424.624975] mpp_av1dec av1d-master: AV1SHIM r[2][114]=00000000
[ 4424.624979] mpp_av1dec av1d-master: AV1SHIM r[2][115]=00000000
[ 4424.624984] mpp_av1dec av1d-master: AV1SHIM r[2][116]=00000000
[ 4424.624988] mpp_av1dec av1d-master: AV1SHIM r[2][117]=00000000
[ 4424.624992] mpp_av1dec av1d-master: AV1SHIM r[2][118]=00000000
[ 4424.624996] mpp_av1dec av1d-master: AV1SHIM r[2][119]=00000000
[ 4424.625000] mpp_av1dec av1d-master: AV1SHIM r[2][120]=00000000
[ 4424.625004] mpp_av1dec av1d-master: AV1SHIM r[2][121]=00000000
[ 4424.625009] mpp_av1dec av1d-master: AV1SHIM r[2][122]=00000000
[ 4424.625013] mpp_av1dec av1d-master: AV1SHIM r[2][123]=00000000
[ 4424.625017] mpp_av1dec av1d-master: AV1SHIM r[2][124]=00000000
[ 4424.625024] mpp_av1dec av1d-master: AV1SHIM r[2][125]=00000000
[ 4424.625030] mpp_av1dec av1d-master: AV1SHIM r[2][126]=00000000
[ 4424.625035] mpp_av1dec av1d-master: AV1SHIM r[2][127]=00000000
[ 4424.625039] mpp_av1dec av1d-master: AV1SHIM r[2][128]=00000000
[ 4424.625044] mpp_av1dec av1d-master: AV1SHIM r[2][129]=00000000
[ 4424.625048] mpp_av1dec av1d-master: AV1SHIM r[2][130]=00000000
[ 4424.625052] mpp_av1dec av1d-master: AV1SHIM r[2][131]=00000000
[ 4424.625057] mpp_av1dec av1d-master: AV1SHIM r[2][132]=00000000
[ 4424.625061] mpp_av1dec av1d-master: AV1SHIM r[2][133]=00000000
[ 4424.625066] mpp_av1dec av1d-master: AV1SHIM r[2][134]=00000000
[ 4424.625070] mpp_av1dec av1d-master: AV1SHIM r[2][135]=00000000
[ 4424.625074] mpp_av1dec av1d-master: AV1SHIM r[2][136]=00000000
[ 4424.625079] mpp_av1dec av1d-master: AV1SHIM r[2][137]=00000000
[ 4424.625084] mpp_av1dec av1d-master: AV1SHIM r[2][138]=00000000
[ 4424.625088] mpp_av1dec av1d-master: AV1SHIM r[2][139]=00000000
[ 4424.625092] mpp_av1dec av1d-master: AV1SHIM r[2][140]=00000000
[ 4424.625097] mpp_av1dec av1d-master: AV1SHIM r[2][141]=00000000
[ 4424.625102] mpp_av1dec av1d-master: AV1SHIM r[2][142]=00000000
[ 4424.625106] mpp_av1dec av1d-master: AV1SHIM r[2][143]=00000000
[ 4424.625111] mpp_av1dec av1d-master: AV1SHIM r[2][144]=00000000
[ 4424.625115] mpp_av1dec av1d-master: AV1SHIM r[2][145]=00000000
[ 4424.625120] mpp_av1dec av1d-master: AV1SHIM r[2][146]=00000000
[ 4424.625124] mpp_av1dec av1d-master: AV1SHIM r[2][147]=00000000
[ 4424.625128] mpp_av1dec av1d-master: AV1SHIM r[2][148]=00000000
[ 4424.625133] mpp_av1dec av1d-master: AV1SHIM r[2][149]=00000000
[ 4424.625137] mpp_av1dec av1d-master: AV1SHIM r[2][150]=00000000
[ 4424.625142] mpp_av1dec av1d-master: AV1SHIM r[2][151]=00000000
[ 4424.625147] mpp_av1dec av1d-master: AV1SHIM r[2][152]=00000000
[ 4424.625151] mpp_av1dec av1d-master: AV1SHIM r[2][153]=00000000
[ 4424.625155] mpp_av1dec av1d-master: AV1SHIM r[2][154]=00000000
[ 4424.625160] mpp_av1dec av1d-master: AV1SHIM r[2][155]=00000000
[ 4424.625165] mpp_av1dec av1d-master: AV1SHIM r[2][156]=00000000
[ 4424.625169] mpp_av1dec av1d-master: AV1SHIM r[2][157]=00000000
[ 4424.625173] mpp_av1dec av1d-master: AV1SHIM r[2][158]=00000000
[ 4424.625178] mpp_av1dec av1d-master: AV1SHIM r[2][159]=00000000
[ 4424.625182] mpp_av1dec av1d-master: AV1SHIM r[2][160]=00000000
[ 4424.625187] mpp_av1dec av1d-master: AV1SHIM r[2][161]=00000000
[ 4424.625191] mpp_av1dec av1d-master: AV1SHIM r[2][162]=00000000
[ 4424.625196] mpp_av1dec av1d-master: AV1SHIM r[2][163]=00000000
[ 4424.625200] mpp_av1dec av1d-master: AV1SHIM r[2][164]=00000000
[ 4424.625205] mpp_av1dec av1d-master: AV1SHIM r[2][165]=00000000
[ 4424.625209] mpp_av1dec av1d-master: AV1SHIM r[2][166]=00000000
[ 4424.625214] mpp_av1dec av1d-master: AV1SHIM r[2][167]=00000000
[ 4424.625218] mpp_av1dec av1d-master: AV1SHIM r[2][168]=00000000
[ 4424.625223] mpp_av1dec av1d-master: AV1SHIM r[2][169]=00000000
[ 4424.625227] mpp_av1dec av1d-master: AV1SHIM r[2][170]=00000000
[ 4424.625231] mpp_av1dec av1d-master: AV1SHIM r[2][171]=00000000
[ 4424.625236] mpp_av1dec av1d-master: AV1SHIM r[2][172]=00000000
[ 4424.625240] mpp_av1dec av1d-master: AV1SHIM r[2][173]=00000000
[ 4424.625245] mpp_av1dec av1d-master: AV1SHIM r[2][174]=00000000
[ 4424.625249] mpp_av1dec av1d-master: AV1SHIM r[2][175]=00000000
[ 4424.625254] mpp_av1dec av1d-master: AV1SHIM r[2][176]=00000000
[ 4424.625259] mpp_av1dec av1d-master: AV1SHIM r[2][177]=00000000
[ 4424.625263] mpp_av1dec av1d-master: AV1SHIM r[2][178]=00000000
[ 4424.625267] mpp_av1dec av1d-master: AV1SHIM r[2][179]=00000000
[ 4424.625272] mpp_av1dec av1d-master: AV1SHIM r[2][180]=00000000
[ 4424.625276] mpp_av1dec av1d-master: AV1SHIM r[2][181]=00000000
[ 4424.625281] mpp_av1dec av1d-master: AV1SHIM r[2][182]=00000000
[ 4424.625285] mpp_av1dec av1d-master: AV1SHIM r[2][183]=00000000
[ 4424.625289] mpp_av1dec av1d-master: AV1SHIM r[2][184]=00000000
[ 4424.625294] mpp_av1dec av1d-master: AV1SHIM r[2][185]=00000000
[ 4424.625298] mpp_av1dec av1d-master: AV1SHIM r[2][186]=00000000
[ 4424.625303] mpp_av1dec av1d-master: AV1SHIM r[2][187]=00000000
[ 4424.625307] mpp_av1dec av1d-master: AV1SHIM r[2][188]=00000000
[ 4424.625312] mpp_av1dec av1d-master: AV1SHIM r[2][189]=00000000
[ 4424.625316] mpp_av1dec av1d-master: AV1SHIM r[2][190]=00000000
[ 4424.625321] mpp_av1dec av1d-master: AV1SHIM r[2][191]=00000000
[ 4424.625325] mpp_av1dec av1d-master: AV1SHIM r[2][192]=00000000
[ 4424.625330] mpp_av1dec av1d-master: AV1SHIM r[2][193]=00000000
[ 4424.625334] mpp_av1dec av1d-master: AV1SHIM r[2][194]=00000000
[ 4424.625339] mpp_av1dec av1d-master: AV1SHIM r[2][195]=00000000
[ 4424.625343] mpp_av1dec av1d-master: AV1SHIM r[2][196]=00000000
[ 4424.625347] mpp_av1dec av1d-master: AV1SHIM r[2][197]=00000000
[ 4424.625352] mpp_av1dec av1d-master: AV1SHIM r[2][198]=00000000
[ 4424.625357] mpp_av1dec av1d-master: AV1SHIM r[2][199]=00000000
[ 4424.625361] mpp_av1dec av1d-master: AV1SHIM r[2][200]=00000000
[ 4424.625365] mpp_av1dec av1d-master: AV1SHIM r[2][201]=00000000
[ 4424.625370] mpp_av1dec av1d-master: AV1SHIM r[2][202]=00000000
[ 4424.625374] mpp_av1dec av1d-master: AV1SHIM r[2][203]=00000000
[ 4424.625379] mpp_av1dec av1d-master: AV1SHIM r[2][204]=00000000
[ 4424.625383] mpp_av1dec av1d-master: AV1SHIM r[2][205]=00000000
[ 4424.625388] mpp_av1dec av1d-master: AV1SHIM r[2][206]=00000000
[ 4424.625392] mpp_av1dec av1d-master: AV1SHIM r[2][207]=00000000
[ 4424.625397] mpp_av1dec av1d-master: AV1SHIM r[2][208]=00000000
[ 4424.625403] mpp_av1dec av1d-master: AV1SHIM r[2][209]=00000000
[ 4424.625415] mpp_av1dec av1d-master: AV1SHIM r[2][210]=00000000
[ 4424.625423] mpp_av1dec av1d-master: AV1SHIM r[2][211]=00000000
[ 4424.625431] mpp_av1dec av1d-master: AV1SHIM kick end en=00000001 base=00000004
[ 4424.626537] mpp_av1dec av1d-master: AV1SHIM irq sta_base=00000004
[ 4424.626546] mpp_av1dec av1d-master: AV1SHIM irq status=00001100
[ 4424.627043] mpp_av1dec av1d-master: AV1SHIM kick begin task=00000000fbe53d9a
[ 4424.627050] mpp_av1dec av1d-master: AV1SHIM class=0 count=512
[ 4424.627056] mpp_av1dec av1d-master: AV1SHIM r[0][000]=00000000
[ 4424.627062] mpp_av1dec av1d-master: AV1SHIM r[0][001]=00000001
[ 4424.627068] mpp_av1dec av1d-master: AV1SHIM r[0][002]=00000400
[ 4424.627074] mpp_av1dec av1d-master: AV1SHIM r[0][003]=88001100
[ 4424.627079] mpp_av1dec av1d-master: AV1SHIM r[0][004]=05001681
[ 4424.627085] mpp_av1dec av1d-master: AV1SHIM r[0][005]=50017f00
[ 4424.627090] mpp_av1dec av1d-master: AV1SHIM r[0][006]=00000100
[ 4424.627096] mpp_av1dec av1d-master: AV1SHIM r[0][007]=00000010
[ 4424.627102] mpp_av1dec av1d-master: AV1SHIM r[0][008]=0a008c00
[ 4424.627107] mpp_av1dec av1d-master: AV1SHIM r[0][009]=00003900
[ 4424.627113] mpp_av1dec av1d-master: AV1SHIM r[0][010]=00020401
[ 4424.627118] mpp_av1dec av1d-master: AV1SHIM r[0][011]=d8000c0c
[ 4424.627124] mpp_av1dec av1d-master: AV1SHIM r[0][012]=00007800
[ 4424.627129] mpp_av1dec av1d-master: AV1SHIM r[0][013]=00000000
[ 4424.627134] mpp_av1dec av1d-master: AV1SHIM r[0][014]=14000000
[ 4424.627140] mpp_av1dec av1d-master: AV1SHIM r[0][015]=14000000
[ 4424.627145] mpp_av1dec av1d-master: AV1SHIM r[0][016]=08000000
[ 4424.627149] mpp_av1dec av1d-master: AV1SHIM r[0][017]=08000000
[ 4424.627155] mpp_av1dec av1d-master: AV1SHIM r[0][018]=00000000
[ 4424.627160] mpp_av1dec av1d-master: AV1SHIM r[0][019]=fc000000
[ 4424.627164] mpp_av1dec av1d-master: AV1SHIM r[0][020]=00800000
[ 4424.627169] mpp_av1dec av1d-master: AV1SHIM r[0][021]=00800000
[ 4424.627173] mpp_av1dec av1d-master: AV1SHIM r[0][022]=00800000
[ 4424.627178] mpp_av1dec av1d-master: AV1SHIM r[0][023]=00800000
[ 4424.627183] mpp_av1dec av1d-master: AV1SHIM r[0][024]=00800000
[ 4424.627187] mpp_av1dec av1d-master: AV1SHIM r[0][025]=00800000
[ 4424.627192] mpp_av1dec av1d-master: AV1SHIM r[0][026]=00800000
[ 4424.627196] mpp_av1dec av1d-master: AV1SHIM r[0][027]=00800000
[ 4424.627201] mpp_av1dec av1d-master: AV1SHIM r[0][028]=00000000
[ 4424.627205] mpp_av1dec av1d-master: AV1SHIM r[0][029]=00000000
[ 4424.627210] mpp_av1dec av1d-master: AV1SHIM r[0][030]=00000000
[ 4424.627215] mpp_av1dec av1d-master: AV1SHIM r[0][031]=04000000
[ 4424.627219] mpp_av1dec av1d-master: AV1SHIM r[0][032]=14000000
[ 4424.627224] mpp_av1dec av1d-master: AV1SHIM r[0][033]=050002d0
[ 4424.627228] mpp_av1dec av1d-master: AV1SHIM r[0][034]=050002d0
[ 4424.627233] mpp_av1dec av1d-master: AV1SHIM r[0][035]=050002d0
[ 4424.627238] mpp_av1dec av1d-master: AV1SHIM r[0][036]=40004000
[ 4424.627242] mpp_av1dec av1d-master: AV1SHIM r[0][037]=40004000
[ 4424.627247] mpp_av1dec av1d-master: AV1SHIM r[0][038]=40004000
[ 4424.627252] mpp_av1dec av1d-master: AV1SHIM r[0][039]=40004000
[ 4424.627256] mpp_av1dec av1d-master: AV1SHIM r[0][040]=40004000
[ 4424.627261] mpp_av1dec av1d-master: AV1SHIM r[0][041]=40004000
[ 4424.627265] mpp_av1dec av1d-master: AV1SHIM r[0][042]=40004000
[ 4424.627270] mpp_av1dec av1d-master: AV1SHIM r[0][043]=050002d0
[ 4424.627275] mpp_av1dec av1d-master: AV1SHIM r[0][044]=050002d0
[ 4424.627279] mpp_av1dec av1d-master: AV1SHIM r[0][045]=050002d0
[ 4424.627284] mpp_av1dec av1d-master: AV1SHIM r[0][046]=050002d0
[ 4424.627288] mpp_av1dec av1d-master: AV1SHIM r[0][047]=78080402
[ 4424.627293] mpp_av1dec av1d-master: AV1SHIM r[0][048]=78080402
[ 4424.627297] mpp_av1dec av1d-master: AV1SHIM r[0][049]=0003c000
[ 4424.627302] mpp_av1dec av1d-master: AV1SHIM r[0][050]=00000000
[ 4424.627306] mpp_av1dec av1d-master: AV1SHIM r[0][051]=0003800e
[ 4424.627311] mpp_av1dec av1d-master: AV1SHIM r[0][052]=00000000
[ 4424.627315] mpp_av1dec av1d-master: AV1SHIM r[0][053]=00020002
[ 4424.627319] mpp_av1dec av1d-master: AV1SHIM r[0][054]=00000000
[ 4424.627324] mpp_av1dec av1d-master: AV1SHIM r[0][055]=00000008
[ 4424.627328] mpp_av1dec av1d-master: AV1SHIM r[0][056]=00000000
[ 4424.627333] mpp_av1dec av1d-master: AV1SHIM r[0][057]=00000000
[ 4424.627338] mpp_av1dec av1d-master: AV1SHIM r[0][058]=00000210
[ 4424.627342] mpp_av1dec av1d-master: AV1SHIM r[0][059]=00000000
[ 4424.627346] mpp_av1dec av1d-master: AV1SHIM r[0][060]=00000000
[ 4424.627351] mpp_av1dec av1d-master: AV1SHIM r[0][061]=00000000
[ 4424.627355] mpp_av1dec av1d-master: AV1SHIM r[0][062]=00000000
[ 4424.627360] mpp_av1dec av1d-master: AV1SHIM r[0][063]=00000000
[ 4424.627364] mpp_av1dec av1d-master: AV1SHIM r[0][064]=00000000
[ 4424.627369] mpp_av1dec av1d-master: AV1SHIM r[0][065]=ff490000
[ 4424.627373] mpp_av1dec av1d-master: AV1SHIM r[0][066]=00000000
[ 4424.627382] mpp_av1dec av1d-master: AV1SHIM r[0][067]=ff130000
[ 4424.627388] mpp_av1dec av1d-master: AV1SHIM r[0][068]=00000000
[ 4424.627394] mpp_av1dec av1d-master: AV1SHIM r[0][069]=ff130000
[ 4424.627399] mpp_av1dec av1d-master: AV1SHIM r[0][070]=00000000
[ 4424.627405] mpp_av1dec av1d-master: AV1SHIM r[0][071]=ff130000
[ 4424.627410] mpp_av1dec av1d-master: AV1SHIM r[0][072]=00000000
[ 4424.627416] mpp_av1dec av1d-master: AV1SHIM r[0][073]=ff130000
[ 4424.627421] mpp_av1dec av1d-master: AV1SHIM r[0][074]=00000000
[ 4424.627427] mpp_av1dec av1d-master: AV1SHIM r[0][075]=ff130000
[ 4424.627432] mpp_av1dec av1d-master: AV1SHIM r[0][076]=00000000
[ 4424.627438] mpp_av1dec av1d-master: AV1SHIM r[0][077]=ff130000
[ 4424.627443] mpp_av1dec av1d-master: AV1SHIM r[0][078]=00000000
[ 4424.627449] mpp_av1dec av1d-master: AV1SHIM r[0][079]=ff130000
[ 4424.627455] mpp_av1dec av1d-master: AV1SHIM r[0][080]=00000000
[ 4424.627460] mpp_av1dec av1d-master: AV1SHIM r[0][081]=00000000
[ 4424.627466] mpp_av1dec av1d-master: AV1SHIM r[0][082]=00000000
[ 4424.627472] mpp_av1dec av1d-master: AV1SHIM r[0][083]=ffe17000
[ 4424.627477] mpp_av1dec av1d-master: AV1SHIM r[0][084]=00000000
[ 4424.627483] mpp_av1dec av1d-master: AV1SHIM r[0][085]=fff14500
[ 4424.627488] mpp_av1dec av1d-master: AV1SHIM r[0][086]=00000000
[ 4424.627494] mpp_av1dec av1d-master: AV1SHIM r[0][087]=00000000
[ 4424.627499] mpp_av1dec av1d-master: AV1SHIM r[0][088]=00000000
[ 4424.627505] mpp_av1dec av1d-master: AV1SHIM r[0][089]=fff16e80
[ 4424.627510] mpp_av1dec av1d-master: AV1SHIM r[0][090]=00000000
[ 4424.627516] mpp_av1dec av1d-master: AV1SHIM r[0][091]=fff23900
[ 4424.627522] mpp_av1dec av1d-master: AV1SHIM r[0][092]=00000000
[ 4424.627530] mpp_av1dec av1d-master: AV1SHIM r[0][093]=00000000
[ 4424.627537] mpp_av1dec av1d-master: AV1SHIM r[0][094]=00000000
[ 4424.627543] mpp_av1dec av1d-master: AV1SHIM r[0][095]=00000000
[ 4424.627549] mpp_av1dec av1d-master: AV1SHIM r[0][096]=00000000
[ 4424.627554] mpp_av1dec av1d-master: AV1SHIM r[0][097]=00000000
[ 4424.627559] mpp_av1dec av1d-master: AV1SHIM r[0][098]=00000000
[ 4424.627563] mpp_av1dec av1d-master: AV1SHIM r[0][099]=ff571000
[ 4424.627568] mpp_av1dec av1d-master: AV1SHIM r[0][100]=00000000
[ 4424.627572] mpp_av1dec av1d-master: AV1SHIM r[0][101]=ff211000
[ 4424.627577] mpp_av1dec av1d-master: AV1SHIM r[0][102]=00000000
[ 4424.627581] mpp_av1dec av1d-master: AV1SHIM r[0][103]=ff211000
[ 4424.627586] mpp_av1dec av1d-master: AV1SHIM r[0][104]=00000000
[ 4424.627590] mpp_av1dec av1d-master: AV1SHIM r[0][105]=ff211000
[ 4424.627595] mpp_av1dec av1d-master: AV1SHIM r[0][106]=00000000
[ 4424.627600] mpp_av1dec av1d-master: AV1SHIM r[0][107]=ff211000
[ 4424.627604] mpp_av1dec av1d-master: AV1SHIM r[0][108]=00000000
[ 4424.627609] mpp_av1dec av1d-master: AV1SHIM r[0][109]=ff211000
[ 4424.627613] mpp_av1dec av1d-master: AV1SHIM r[0][110]=00000000
[ 4424.627618] mpp_av1dec av1d-master: AV1SHIM r[0][111]=ff211000
[ 4424.627622] mpp_av1dec av1d-master: AV1SHIM r[0][112]=00000000
[ 4424.627627] mpp_av1dec av1d-master: AV1SHIM r[0][113]=ff211000
[ 4424.627631] mpp_av1dec av1d-master: AV1SHIM r[0][114]=00000000
[ 4424.627636] mpp_av1dec av1d-master: AV1SHIM r[0][115]=00000000
[ 4424.627640] mpp_av1dec av1d-master: AV1SHIM r[0][116]=00000000
[ 4424.627645] mpp_av1dec av1d-master: AV1SHIM r[0][117]=00000000
[ 4424.627649] mpp_av1dec av1d-master: AV1SHIM r[0][118]=00000000
[ 4424.627654] mpp_av1dec av1d-master: AV1SHIM r[0][119]=00000000
[ 4424.627660] mpp_av1dec av1d-master: AV1SHIM r[0][120]=00000000
[ 4424.627667] mpp_av1dec av1d-master: AV1SHIM r[0][121]=00000000
[ 4424.627674] mpp_av1dec av1d-master: AV1SHIM r[0][122]=00000000
[ 4424.627680] mpp_av1dec av1d-master: AV1SHIM r[0][123]=00000000
[ 4424.627685] mpp_av1dec av1d-master: AV1SHIM r[0][124]=00000000
[ 4424.627691] mpp_av1dec av1d-master: AV1SHIM r[0][125]=00000000
[ 4424.627696] mpp_av1dec av1d-master: AV1SHIM r[0][126]=00000000
[ 4424.627702] mpp_av1dec av1d-master: AV1SHIM r[0][127]=00000000
[ 4424.627707] mpp_av1dec av1d-master: AV1SHIM r[0][128]=00000000
[ 4424.627713] mpp_av1dec av1d-master: AV1SHIM r[0][129]=00000000
[ 4424.627718] mpp_av1dec av1d-master: AV1SHIM r[0][130]=00000000
[ 4424.627724] mpp_av1dec av1d-master: AV1SHIM r[0][131]=00000000
[ 4424.627730] mpp_av1dec av1d-master: AV1SHIM r[0][132]=00000000
[ 4424.627735] mpp_av1dec av1d-master: AV1SHIM r[0][133]=ff5e1840
[ 4424.627741] mpp_av1dec av1d-master: AV1SHIM r[0][134]=00000000
[ 4424.627746] mpp_av1dec av1d-master: AV1SHIM r[0][135]=ff281840
[ 4424.627752] mpp_av1dec av1d-master: AV1SHIM r[0][136]=00000000
[ 4424.627757] mpp_av1dec av1d-master: AV1SHIM r[0][137]=ff281840
[ 4424.627761] mpp_av1dec av1d-master: AV1SHIM r[0][138]=00000000
[ 4424.627766] mpp_av1dec av1d-master: AV1SHIM r[0][139]=ff281840
[ 4424.627770] mpp_av1dec av1d-master: AV1SHIM r[0][140]=00000000
[ 4424.627774] mpp_av1dec av1d-master: AV1SHIM r[0][141]=ff281840
[ 4424.627778] mpp_av1dec av1d-master: AV1SHIM r[0][142]=00000000
[ 4424.627782] mpp_av1dec av1d-master: AV1SHIM r[0][143]=ff281840
[ 4424.627787] mpp_av1dec av1d-master: AV1SHIM r[0][144]=00000000
[ 4424.627791] mpp_av1dec av1d-master: AV1SHIM r[0][145]=ff281840
[ 4424.627795] mpp_av1dec av1d-master: AV1SHIM r[0][146]=00000000
[ 4424.627799] mpp_av1dec av1d-master: AV1SHIM r[0][147]=ff281840
[ 4424.627804] mpp_av1dec av1d-master: AV1SHIM r[0][148]=00000000
[ 4424.627808] mpp_av1dec av1d-master: AV1SHIM r[0][149]=00000000
[ 4424.627812] mpp_av1dec av1d-master: AV1SHIM r[0][150]=00000000
[ 4424.627817] mpp_av1dec av1d-master: AV1SHIM r[0][151]=00000000
[ 4424.627823] mpp_av1dec av1d-master: AV1SHIM r[0][152]=00000000
[ 4424.627828] mpp_av1dec av1d-master: AV1SHIM r[0][153]=00000000
[ 4424.627835] mpp_av1dec av1d-master: AV1SHIM r[0][154]=00000000
[ 4424.627843] mpp_av1dec av1d-master: AV1SHIM r[0][155]=00000000
[ 4424.627848] mpp_av1dec av1d-master: AV1SHIM r[0][156]=00000000
[ 4424.627854] mpp_av1dec av1d-master: AV1SHIM r[0][157]=00000000
[ 4424.627859] mpp_av1dec av1d-master: AV1SHIM r[0][158]=00000000
[ 4424.627863] mpp_av1dec av1d-master: AV1SHIM r[0][159]=00000000
[ 4424.627868] mpp_av1dec av1d-master: AV1SHIM r[0][160]=00000000
[ 4424.627872] mpp_av1dec av1d-master: AV1SHIM r[0][161]=00000000
[ 4424.627876] mpp_av1dec av1d-master: AV1SHIM r[0][162]=00000000
[ 4424.627880] mpp_av1dec av1d-master: AV1SHIM r[0][163]=00000000
[ 4424.627884] mpp_av1dec av1d-master: AV1SHIM r[0][164]=00000000
[ 4424.627888] mpp_av1dec av1d-master: AV1SHIM r[0][165]=00000000
[ 4424.627894] mpp_av1dec av1d-master: AV1SHIM r[0][166]=00000000
[ 4424.627900] mpp_av1dec av1d-master: AV1SHIM r[0][167]=fff6e000
[ 4424.627905] mpp_av1dec av1d-master: AV1SHIM r[0][168]=00000000
[ 4424.627910] mpp_av1dec av1d-master: AV1SHIM r[0][169]=ffbd0010
[ 4424.627914] mpp_av1dec av1d-master: AV1SHIM r[0][170]=00000000
[ 4424.627918] mpp_av1dec av1d-master: AV1SHIM r[0][171]=ffe1c000
[ 4424.627922] mpp_av1dec av1d-master: AV1SHIM r[0][172]=00000000
[ 4424.627927] mpp_av1dec av1d-master: AV1SHIM r[0][173]=ffe18000
[ 4424.627933] mpp_av1dec av1d-master: AV1SHIM r[0][174]=00000000
[ 4424.627938] mpp_av1dec av1d-master: AV1SHIM r[0][175]=fff0f000
[ 4424.627942] mpp_av1dec av1d-master: AV1SHIM r[0][176]=00000000
[ 4424.627948] mpp_av1dec av1d-master: AV1SHIM r[0][177]=fff0f000
[ 4424.627952] mpp_av1dec av1d-master: AV1SHIM r[0][178]=00000000
[ 4424.627957] mpp_av1dec av1d-master: AV1SHIM r[0][179]=fff10000
[ 4424.627961] mpp_av1dec av1d-master: AV1SHIM r[0][180]=00000000
[ 4424.627965] mpp_av1dec av1d-master: AV1SHIM r[0][181]=00000000
[ 4424.627970] mpp_av1dec av1d-master: AV1SHIM r[0][182]=00000000
[ 4424.627974] mpp_av1dec av1d-master: AV1SHIM r[0][183]=fff12d00
[ 4424.627978] mpp_av1dec av1d-master: AV1SHIM r[0][184]=000003ff
[ 4424.627982] mpp_av1dec av1d-master: AV1SHIM r[0][185]=000003ff
[ 4424.627990] mpp_av1dec av1d-master: AV1SHIM r[0][186]=000003ff
[ 4424.627996] mpp_av1dec av1d-master: AV1SHIM r[0][187]=000003ff
[ 4424.628000] mpp_av1dec av1d-master: AV1SHIM r[0][188]=000003ff
[ 4424.628005] mpp_av1dec av1d-master: AV1SHIM r[0][189]=00000000
[ 4424.628009] mpp_av1dec av1d-master: AV1SHIM r[0][190]=00000000
[ 4424.628014] mpp_av1dec av1d-master: AV1SHIM r[0][191]=00000000
[ 4424.628018] mpp_av1dec av1d-master: AV1SHIM r[0][192]=00000000
[ 4424.628023] mpp_av1dec av1d-master: AV1SHIM r[0][193]=00000000
[ 4424.628027] mpp_av1dec av1d-master: AV1SHIM r[0][194]=00000000
[ 4424.628032] mpp_av1dec av1d-master: AV1SHIM r[0][195]=00000000
[ 4424.628036] mpp_av1dec av1d-master: AV1SHIM r[0][196]=00000000
[ 4424.628041] mpp_av1dec av1d-master: AV1SHIM r[0][197]=00000000
[ 4424.628045] mpp_av1dec av1d-master: AV1SHIM r[0][198]=00000000
[ 4424.628050] mpp_av1dec av1d-master: AV1SHIM r[0][199]=00000000
[ 4424.628054] mpp_av1dec av1d-master: AV1SHIM r[0][200]=00000000
[ 4424.628059] mpp_av1dec av1d-master: AV1SHIM r[0][201]=00000000
[ 4424.628063] mpp_av1dec av1d-master: AV1SHIM r[0][202]=00000000
[ 4424.628068] mpp_av1dec av1d-master: AV1SHIM r[0][203]=00000000
[ 4424.628073] mpp_av1dec av1d-master: AV1SHIM r[0][204]=00000000
[ 4424.628077] mpp_av1dec av1d-master: AV1SHIM r[0][205]=00000000
[ 4424.628082] mpp_av1dec av1d-master: AV1SHIM r[0][206]=00000000
[ 4424.628086] mpp_av1dec av1d-master: AV1SHIM r[0][207]=00000000
[ 4424.628091] mpp_av1dec av1d-master: AV1SHIM r[0][208]=00000000
[ 4424.628095] mpp_av1dec av1d-master: AV1SHIM r[0][209]=00000000
[ 4424.628099] mpp_av1dec av1d-master: AV1SHIM r[0][210]=00000000
[ 4424.628104] mpp_av1dec av1d-master: AV1SHIM r[0][211]=00000000
[ 4424.628108] mpp_av1dec av1d-master: AV1SHIM r[0][212]=00000000
[ 4424.628113] mpp_av1dec av1d-master: AV1SHIM r[0][213]=00000000
[ 4424.628117] mpp_av1dec av1d-master: AV1SHIM r[0][214]=00000000
[ 4424.628122] mpp_av1dec av1d-master: AV1SHIM r[0][215]=00000000
[ 4424.628126] mpp_av1dec av1d-master: AV1SHIM r[0][216]=00000000
[ 4424.628131] mpp_av1dec av1d-master: AV1SHIM r[0][217]=00000000
[ 4424.628135] mpp_av1dec av1d-master: AV1SHIM r[0][218]=00000000
[ 4424.628140] mpp_av1dec av1d-master: AV1SHIM r[0][219]=00000000
[ 4424.628144] mpp_av1dec av1d-master: AV1SHIM r[0][220]=00000000
[ 4424.628149] mpp_av1dec av1d-master: AV1SHIM r[0][221]=00000000
[ 4424.628153] mpp_av1dec av1d-master: AV1SHIM r[0][222]=00000000
[ 4424.628158] mpp_av1dec av1d-master: AV1SHIM r[0][223]=00000000
[ 4424.628162] mpp_av1dec av1d-master: AV1SHIM r[0][224]=00000000
[ 4424.628167] mpp_av1dec av1d-master: AV1SHIM r[0][225]=00000000
[ 4424.628171] mpp_av1dec av1d-master: AV1SHIM r[0][226]=00000000
[ 4424.628175] mpp_av1dec av1d-master: AV1SHIM r[0][227]=00000000
[ 4424.628180] mpp_av1dec av1d-master: AV1SHIM r[0][228]=00000000
[ 4424.628185] mpp_av1dec av1d-master: AV1SHIM r[0][229]=00000000
[ 4424.628189] mpp_av1dec av1d-master: AV1SHIM r[0][230]=00000000
[ 4424.628193] mpp_av1dec av1d-master: AV1SHIM r[0][231]=00000000
[ 4424.628198] mpp_av1dec av1d-master: AV1SHIM r[0][232]=00000000
[ 4424.628202] mpp_av1dec av1d-master: AV1SHIM r[0][233]=00000000
[ 4424.628207] mpp_av1dec av1d-master: AV1SHIM r[0][234]=00000000
[ 4424.628211] mpp_av1dec av1d-master: AV1SHIM r[0][235]=00000000
[ 4424.628216] mpp_av1dec av1d-master: AV1SHIM r[0][236]=00000000
[ 4424.628220] mpp_av1dec av1d-master: AV1SHIM r[0][237]=00000000
[ 4424.628225] mpp_av1dec av1d-master: AV1SHIM r[0][238]=00000000
[ 4424.628229] mpp_av1dec av1d-master: AV1SHIM r[0][239]=00000000
[ 4424.628234] mpp_av1dec av1d-master: AV1SHIM r[0][240]=00000000
[ 4424.628238] mpp_av1dec av1d-master: AV1SHIM r[0][241]=00000000
[ 4424.628243] mpp_av1dec av1d-master: AV1SHIM r[0][242]=00000000
[ 4424.628247] mpp_av1dec av1d-master: AV1SHIM r[0][243]=00000000
[ 4424.628252] mpp_av1dec av1d-master: AV1SHIM r[0][244]=00000000
[ 4424.628256] mpp_av1dec av1d-master: AV1SHIM r[0][245]=00000000
[ 4424.628261] mpp_av1dec av1d-master: AV1SHIM r[0][246]=00000000
[ 4424.628265] mpp_av1dec av1d-master: AV1SHIM r[0][247]=00000000
[ 4424.628270] mpp_av1dec av1d-master: AV1SHIM r[0][248]=00000000
[ 4424.628274] mpp_av1dec av1d-master: AV1SHIM r[0][249]=00000000
[ 4424.628279] mpp_av1dec av1d-master: AV1SHIM r[0][250]=00000000
[ 4424.628283] mpp_av1dec av1d-master: AV1SHIM r[0][251]=00000000
[ 4424.628288] mpp_av1dec av1d-master: AV1SHIM r[0][252]=00000000
[ 4424.628292] mpp_av1dec av1d-master: AV1SHIM r[0][253]=00000000
[ 4424.628297] mpp_av1dec av1d-master: AV1SHIM r[0][254]=00000000
[ 4424.628301] mpp_av1dec av1d-master: AV1SHIM r[0][255]=00000000
[ 4424.628306] mpp_av1dec av1d-master: AV1SHIM r[0][256]=00000000
[ 4424.628310] mpp_av1dec av1d-master: AV1SHIM r[0][257]=000003ff
[ 4424.628315] mpp_av1dec av1d-master: AV1SHIM r[0][258]=00000100
[ 4424.628319] mpp_av1dec av1d-master: AV1SHIM r[0][259]=00000000
[ 4424.628324] mpp_av1dec av1d-master: AV1SHIM r[0][260]=00000000
[ 4424.628328] mpp_av1dec av1d-master: AV1SHIM r[0][261]=00000000
[ 4424.628333] mpp_av1dec av1d-master: AV1SHIM r[0][262]=000003ff
[ 4424.628337] mpp_av1dec av1d-master: AV1SHIM r[0][263]=0000000f
[ 4424.628341] mpp_av1dec av1d-master: AV1SHIM r[0][264]=0000000f
[ 4424.628346] mpp_av1dec av1d-master: AV1SHIM r[0][265]=01004000
[ 4424.628350] mpp_av1dec av1d-master: AV1SHIM r[0][266]=00000000
[ 4424.628355] mpp_av1dec av1d-master: AV1SHIM r[0][267]=00000000
[ 4424.628359] mpp_av1dec av1d-master: AV1SHIM r[0][268]=00000000
[ 4424.628364] mpp_av1dec av1d-master: AV1SHIM r[0][269]=00000000
[ 4424.628368] mpp_av1dec av1d-master: AV1SHIM r[0][270]=00000000
[ 4424.628373] mpp_av1dec av1d-master: AV1SHIM r[0][271]=00000000
[ 4424.628377] mpp_av1dec av1d-master: AV1SHIM r[0][272]=00000000
[ 4424.628382] mpp_av1dec av1d-master: AV1SHIM r[0][273]=00000000
[ 4424.628386] mpp_av1dec av1d-master: AV1SHIM r[0][274]=00000000
[ 4424.628391] mpp_av1dec av1d-master: AV1SHIM r[0][275]=00000000
[ 4424.628395] mpp_av1dec av1d-master: AV1SHIM r[0][276]=00000000
[ 4424.628399] mpp_av1dec av1d-master: AV1SHIM r[0][277]=00000000
[ 4424.628404] mpp_av1dec av1d-master: AV1SHIM r[0][278]=00000000
[ 4424.628409] mpp_av1dec av1d-master: AV1SHIM r[0][279]=00000000
[ 4424.628413] mpp_av1dec av1d-master: AV1SHIM r[0][280]=00000000
[ 4424.628418] mpp_av1dec av1d-master: AV1SHIM r[0][281]=00000000
[ 4424.628422] mpp_av1dec av1d-master: AV1SHIM r[0][282]=00000000
[ 4424.628426] mpp_av1dec av1d-master: AV1SHIM r[0][283]=00000000
[ 4424.628431] mpp_av1dec av1d-master: AV1SHIM r[0][284]=00000000
[ 4424.628435] mpp_av1dec av1d-master: AV1SHIM r[0][285]=00000000
[ 4424.628440] mpp_av1dec av1d-master: AV1SHIM r[0][286]=00000000
[ 4424.628444] mpp_av1dec av1d-master: AV1SHIM r[0][287]=00000000
[ 4424.628449] mpp_av1dec av1d-master: AV1SHIM r[0][288]=00000000
[ 4424.628453] mpp_av1dec av1d-master: AV1SHIM r[0][289]=00000000
[ 4424.628458] mpp_av1dec av1d-master: AV1SHIM r[0][290]=00000000
[ 4424.628462] mpp_av1dec av1d-master: AV1SHIM r[0][291]=00000000
[ 4424.628467] mpp_av1dec av1d-master: AV1SHIM r[0][292]=00000000
[ 4424.628471] mpp_av1dec av1d-master: AV1SHIM r[0][293]=00000000
[ 4424.628476] mpp_av1dec av1d-master: AV1SHIM r[0][294]=00000000
[ 4424.628480] mpp_av1dec av1d-master: AV1SHIM r[0][295]=00000000
[ 4424.628484] mpp_av1dec av1d-master: AV1SHIM r[0][296]=00000000
[ 4424.628489] mpp_av1dec av1d-master: AV1SHIM r[0][297]=00000000
[ 4424.628493] mpp_av1dec av1d-master: AV1SHIM r[0][298]=000e000e
[ 4424.628498] mpp_av1dec av1d-master: AV1SHIM r[0][299]=00000000
[ 4424.628502] mpp_av1dec av1d-master: AV1SHIM r[0][300]=00000000
[ 4424.628507] mpp_av1dec av1d-master: AV1SHIM r[0][301]=00000000
[ 4424.628511] mpp_av1dec av1d-master: AV1SHIM r[0][302]=00000000
[ 4424.628516] mpp_av1dec av1d-master: AV1SHIM r[0][303]=00000000
[ 4424.628520] mpp_av1dec av1d-master: AV1SHIM r[0][304]=00000000
[ 4424.628525] mpp_av1dec av1d-master: AV1SHIM r[0][305]=00000000
[ 4424.628529] mpp_av1dec av1d-master: AV1SHIM r[0][306]=00000000
[ 4424.628534] mpp_av1dec av1d-master: AV1SHIM r[0][307]=00000000
[ 4424.628538] mpp_av1dec av1d-master: AV1SHIM r[0][308]=00000000
[ 4424.628543] mpp_av1dec av1d-master: AV1SHIM r[0][309]=00000000
[ 4424.628547] mpp_av1dec av1d-master: AV1SHIM r[0][310]=00000000
[ 4424.628551] mpp_av1dec av1d-master: AV1SHIM r[0][311]=00000000
[ 4424.628556] mpp_av1dec av1d-master: AV1SHIM r[0][312]=00000000
[ 4424.628560] mpp_av1dec av1d-master: AV1SHIM r[0][313]=00000000
[ 4424.628565] mpp_av1dec av1d-master: AV1SHIM r[0][314]=00000040
[ 4424.628570] mpp_av1dec av1d-master: AV1SHIM r[0][315]=00000000
[ 4424.628574] mpp_av1dec av1d-master: AV1SHIM r[0][316]=00000000
[ 4424.628579] mpp_av1dec av1d-master: AV1SHIM r[0][317]=00000000
[ 4424.628583] mpp_av1dec av1d-master: AV1SHIM r[0][318]=8fffffff
[ 4424.628588] mpp_av1dec av1d-master: AV1SHIM r[0][319]=8fffffff
[ 4424.628592] mpp_av1dec av1d-master: AV1SHIM r[0][320]=00000001
[ 4424.628597] mpp_av1dec av1d-master: AV1SHIM r[0][321]=00000000
[ 4424.628601] mpp_av1dec av1d-master: AV1SHIM r[0][322]=000c0000
[ 4424.628606] mpp_av1dec av1d-master: AV1SHIM r[0][323]=00000000
[ 4424.628610] mpp_av1dec av1d-master: AV1SHIM r[0][324]=00000000
[ 4424.628614] mpp_av1dec av1d-master: AV1SHIM r[0][325]=00000000
[ 4424.628619] mpp_av1dec av1d-master: AV1SHIM r[0][326]=ff2c0000
[ 4424.628623] mpp_av1dec av1d-master: AV1SHIM r[0][327]=00000000
[ 4424.628628] mpp_av1dec av1d-master: AV1SHIM r[0][328]=ff3a1000
[ 4424.628633] mpp_av1dec av1d-master: AV1SHIM r[0][329]=05000500
[ 4424.628637] mpp_av1dec av1d-master: AV1SHIM r[0][330]=00000000
[ 4424.628642] mpp_av1dec av1d-master: AV1SHIM r[0][331]=02800168
[ 4424.628646] mpp_av1dec av1d-master: AV1SHIM r[0][332]=050002d0
[ 4424.628651] mpp_av1dec av1d-master: AV1SHIM r[0][333]=00000000
[ 4424.628655] mpp_av1dec av1d-master: AV1SHIM r[0][334]=00000000
[ 4424.628660] mpp_av1dec av1d-master: AV1SHIM r[0][335]=00000000
[ 4424.628664] mpp_av1dec av1d-master: AV1SHIM r[0][336]=00000000
[ 4424.628669] mpp_av1dec av1d-master: AV1SHIM r[0][337]=00000000
[ 4424.628673] mpp_av1dec av1d-master: AV1SHIM r[0][338]=00000000
[ 4424.628678] mpp_av1dec av1d-master: AV1SHIM r[0][339]=00000000
[ 4424.628682] mpp_av1dec av1d-master: AV1SHIM r[0][340]=00000000
[ 4424.628687] mpp_av1dec av1d-master: AV1SHIM r[0][341]=00000000
[ 4424.628691] mpp_av1dec av1d-master: AV1SHIM r[0][342]=00000000
[ 4424.628696] mpp_av1dec av1d-master: AV1SHIM r[0][343]=00000000
[ 4424.628700] mpp_av1dec av1d-master: AV1SHIM r[0][344]=00000000
[ 4424.628704] mpp_av1dec av1d-master: AV1SHIM r[0][345]=00000000
[ 4424.628709] mpp_av1dec av1d-master: AV1SHIM r[0][346]=00000000
[ 4424.628713] mpp_av1dec av1d-master: AV1SHIM r[0][347]=00000000
[ 4424.628718] mpp_av1dec av1d-master: AV1SHIM r[0][348]=00000000
[ 4424.628722] mpp_av1dec av1d-master: AV1SHIM r[0][349]=00000000
[ 4424.628727] mpp_av1dec av1d-master: AV1SHIM r[0][350]=00000000
[ 4424.628731] mpp_av1dec av1d-master: AV1SHIM r[0][351]=00000000
[ 4424.628735] mpp_av1dec av1d-master: AV1SHIM r[0][352]=00000000
[ 4424.628740] mpp_av1dec av1d-master: AV1SHIM r[0][353]=00000000
[ 4424.628745] mpp_av1dec av1d-master: AV1SHIM r[0][354]=00000000
[ 4424.628749] mpp_av1dec av1d-master: AV1SHIM r[0][355]=00000000
[ 4424.628754] mpp_av1dec av1d-master: AV1SHIM r[0][356]=00000000
[ 4424.628758] mpp_av1dec av1d-master: AV1SHIM r[0][357]=00000000
[ 4424.628762] mpp_av1dec av1d-master: AV1SHIM r[0][358]=00000000
[ 4424.628767] mpp_av1dec av1d-master: AV1SHIM r[0][359]=00000000
[ 4424.628772] mpp_av1dec av1d-master: AV1SHIM r[0][360]=00000000
[ 4424.628776] mpp_av1dec av1d-master: AV1SHIM r[0][361]=00000000
[ 4424.628780] mpp_av1dec av1d-master: AV1SHIM r[0][362]=00000000
[ 4424.628785] mpp_av1dec av1d-master: AV1SHIM r[0][363]=00000000
[ 4424.628789] mpp_av1dec av1d-master: AV1SHIM r[0][364]=00000000
[ 4424.628794] mpp_av1dec av1d-master: AV1SHIM r[0][365]=00000000
[ 4424.628798] mpp_av1dec av1d-master: AV1SHIM r[0][366]=00000000
[ 4424.628803] mpp_av1dec av1d-master: AV1SHIM r[0][367]=00000000
[ 4424.628808] mpp_av1dec av1d-master: AV1SHIM r[0][368]=00000000
[ 4424.628812] mpp_av1dec av1d-master: AV1SHIM r[0][369]=00000000
[ 4424.628816] mpp_av1dec av1d-master: AV1SHIM r[0][370]=00000000
[ 4424.628821] mpp_av1dec av1d-master: AV1SHIM r[0][371]=00000000
[ 4424.628825] mpp_av1dec av1d-master: AV1SHIM r[0][372]=00000000
[ 4424.628830] mpp_av1dec av1d-master: AV1SHIM r[0][373]=00000000
[ 4424.628834] mpp_av1dec av1d-master: AV1SHIM r[0][374]=00000000
[ 4424.628838] mpp_av1dec av1d-master: AV1SHIM r[0][375]=00000000
[ 4424.628843] mpp_av1dec av1d-master: AV1SHIM r[0][376]=00000000
[ 4424.628847] mpp_av1dec av1d-master: AV1SHIM r[0][377]=00000000
[ 4424.628852] mpp_av1dec av1d-master: AV1SHIM r[0][378]=00000000
[ 4424.628857] mpp_av1dec av1d-master: AV1SHIM r[0][379]=00000000
[ 4424.628861] mpp_av1dec av1d-master: AV1SHIM r[0][380]=00000000
[ 4424.628866] mpp_av1dec av1d-master: AV1SHIM r[0][381]=00000000
[ 4424.628870] mpp_av1dec av1d-master: AV1SHIM r[0][382]=00000000
[ 4424.628874] mpp_av1dec av1d-master: AV1SHIM r[0][383]=00000000
[ 4424.628879] mpp_av1dec av1d-master: AV1SHIM r[0][384]=00000000
[ 4424.628883] mpp_av1dec av1d-master: AV1SHIM r[0][385]=00000000
[ 4424.628888] mpp_av1dec av1d-master: AV1SHIM r[0][386]=00000000
[ 4424.628892] mpp_av1dec av1d-master: AV1SHIM r[0][387]=00000000
[ 4424.628897] mpp_av1dec av1d-master: AV1SHIM r[0][388]=00000000
[ 4424.628901] mpp_av1dec av1d-master: AV1SHIM r[0][389]=00000000
[ 4424.628906] mpp_av1dec av1d-master: AV1SHIM r[0][390]=00000000
[ 4424.628910] mpp_av1dec av1d-master: AV1SHIM r[0][391]=00000000
[ 4424.628915] mpp_av1dec av1d-master: AV1SHIM r[0][392]=00000000
[ 4424.628919] mpp_av1dec av1d-master: AV1SHIM r[0][393]=00000000
[ 4424.628924] mpp_av1dec av1d-master: AV1SHIM r[0][394]=01010000
[ 4424.628928] mpp_av1dec av1d-master: AV1SHIM r[0][395]=00000000
[ 4424.628933] mpp_av1dec av1d-master: AV1SHIM r[0][396]=00000000
[ 4424.628937] mpp_av1dec av1d-master: AV1SHIM r[0][397]=00000000
[ 4424.628942] mpp_av1dec av1d-master: AV1SHIM r[0][398]=00000000
[ 4424.628946] mpp_av1dec av1d-master: AV1SHIM r[0][399]=00000000
[ 4424.628951] mpp_av1dec av1d-master: AV1SHIM r[0][400]=00000000
[ 4424.628955] mpp_av1dec av1d-master: AV1SHIM r[0][401]=00000000
[ 4424.628959] mpp_av1dec av1d-master: AV1SHIM r[0][402]=00000000
[ 4424.628964] mpp_av1dec av1d-master: AV1SHIM r[0][403]=00000000
[ 4424.628969] mpp_av1dec av1d-master: AV1SHIM r[0][404]=00000000
[ 4424.628973] mpp_av1dec av1d-master: AV1SHIM r[0][405]=00000000
[ 4424.628978] mpp_av1dec av1d-master: AV1SHIM r[0][406]=00000000
[ 4424.628982] mpp_av1dec av1d-master: AV1SHIM r[0][407]=00000000
[ 4424.628986] mpp_av1dec av1d-master: AV1SHIM r[0][408]=00000000
[ 4424.628991] mpp_av1dec av1d-master: AV1SHIM r[0][409]=00000000
[ 4424.628995] mpp_av1dec av1d-master: AV1SHIM r[0][410]=00000000
[ 4424.629000] mpp_av1dec av1d-master: AV1SHIM r[0][411]=00000000
[ 4424.629004] mpp_av1dec av1d-master: AV1SHIM r[0][412]=00000000
[ 4424.629009] mpp_av1dec av1d-master: AV1SHIM r[0][413]=00000000
[ 4424.629013] mpp_av1dec av1d-master: AV1SHIM r[0][414]=00000000
[ 4424.629018] mpp_av1dec av1d-master: AV1SHIM r[0][415]=00000000
[ 4424.629022] mpp_av1dec av1d-master: AV1SHIM r[0][416]=00000000
[ 4424.629027] mpp_av1dec av1d-master: AV1SHIM r[0][417]=00000000
[ 4424.629031] mpp_av1dec av1d-master: AV1SHIM r[0][418]=00000000
[ 4424.629036] mpp_av1dec av1d-master: AV1SHIM r[0][419]=00000000
[ 4424.629040] mpp_av1dec av1d-master: AV1SHIM r[0][420]=00000000
[ 4424.629045] mpp_av1dec av1d-master: AV1SHIM r[0][421]=00000000
[ 4424.629049] mpp_av1dec av1d-master: AV1SHIM r[0][422]=00000000
[ 4424.629053] mpp_av1dec av1d-master: AV1SHIM r[0][423]=00000000
[ 4424.629058] mpp_av1dec av1d-master: AV1SHIM r[0][424]=00000000
[ 4424.629062] mpp_av1dec av1d-master: AV1SHIM r[0][425]=00000000
[ 4424.629067] mpp_av1dec av1d-master: AV1SHIM r[0][426]=00000000
[ 4424.629071] mpp_av1dec av1d-master: AV1SHIM r[0][427]=00000000
[ 4424.629076] mpp_av1dec av1d-master: AV1SHIM r[0][428]=00000000
[ 4424.629080] mpp_av1dec av1d-master: AV1SHIM r[0][429]=00000000
[ 4424.629085] mpp_av1dec av1d-master: AV1SHIM r[0][430]=00000000
[ 4424.629089] mpp_av1dec av1d-master: AV1SHIM r[0][431]=00000000
[ 4424.629094] mpp_av1dec av1d-master: AV1SHIM r[0][432]=00000000
[ 4424.629098] mpp_av1dec av1d-master: AV1SHIM r[0][433]=00000000
[ 4424.629103] mpp_av1dec av1d-master: AV1SHIM r[0][434]=00000000
[ 4424.629107] mpp_av1dec av1d-master: AV1SHIM r[0][435]=00000000
[ 4424.629111] mpp_av1dec av1d-master: AV1SHIM r[0][436]=00000000
[ 4424.629116] mpp_av1dec av1d-master: AV1SHIM r[0][437]=00000000
[ 4424.629120] mpp_av1dec av1d-master: AV1SHIM r[0][438]=00000000
[ 4424.629125] mpp_av1dec av1d-master: AV1SHIM r[0][439]=00000000
[ 4424.629130] mpp_av1dec av1d-master: AV1SHIM r[0][440]=00000000
[ 4424.629134] mpp_av1dec av1d-master: AV1SHIM r[0][441]=00000000
[ 4424.629138] mpp_av1dec av1d-master: AV1SHIM r[0][442]=00000000
[ 4424.629143] mpp_av1dec av1d-master: AV1SHIM r[0][443]=00000000
[ 4424.629147] mpp_av1dec av1d-master: AV1SHIM r[0][444]=00000000
[ 4424.629152] mpp_av1dec av1d-master: AV1SHIM r[0][445]=00000000
[ 4424.629156] mpp_av1dec av1d-master: AV1SHIM r[0][446]=00000000
[ 4424.629161] mpp_av1dec av1d-master: AV1SHIM r[0][447]=00000000
[ 4424.629165] mpp_av1dec av1d-master: AV1SHIM r[0][448]=00000000
[ 4424.629169] mpp_av1dec av1d-master: AV1SHIM r[0][449]=00000000
[ 4424.629174] mpp_av1dec av1d-master: AV1SHIM r[0][450]=00000000
[ 4424.629179] mpp_av1dec av1d-master: AV1SHIM r[0][451]=00000000
[ 4424.629183] mpp_av1dec av1d-master: AV1SHIM r[0][452]=00000000
[ 4424.629188] mpp_av1dec av1d-master: AV1SHIM r[0][453]=00000000
[ 4424.629192] mpp_av1dec av1d-master: AV1SHIM r[0][454]=00000000
[ 4424.629196] mpp_av1dec av1d-master: AV1SHIM r[0][455]=00000000
[ 4424.629201] mpp_av1dec av1d-master: AV1SHIM r[0][456]=00000000
[ 4424.629205] mpp_av1dec av1d-master: AV1SHIM r[0][457]=00000000
[ 4424.629210] mpp_av1dec av1d-master: AV1SHIM r[0][458]=00000000
[ 4424.629214] mpp_av1dec av1d-master: AV1SHIM r[0][459]=00000000
[ 4424.629219] mpp_av1dec av1d-master: AV1SHIM r[0][460]=00000000
[ 4424.629223] mpp_av1dec av1d-master: AV1SHIM r[0][461]=00000000
[ 4424.629228] mpp_av1dec av1d-master: AV1SHIM r[0][462]=00000000
[ 4424.629232] mpp_av1dec av1d-master: AV1SHIM r[0][463]=00000000
[ 4424.629237] mpp_av1dec av1d-master: AV1SHIM r[0][464]=00000000
[ 4424.629241] mpp_av1dec av1d-master: AV1SHIM r[0][465]=00000000
[ 4424.629246] mpp_av1dec av1d-master: AV1SHIM r[0][466]=00000000
[ 4424.629250] mpp_av1dec av1d-master: AV1SHIM r[0][467]=00000000
[ 4424.629254] mpp_av1dec av1d-master: AV1SHIM r[0][468]=00000000
[ 4424.629259] mpp_av1dec av1d-master: AV1SHIM r[0][469]=00000000
[ 4424.629263] mpp_av1dec av1d-master: AV1SHIM r[0][470]=00000000
[ 4424.629268] mpp_av1dec av1d-master: AV1SHIM r[0][471]=00000000
[ 4424.629272] mpp_av1dec av1d-master: AV1SHIM r[0][472]=00000000
[ 4424.629277] mpp_av1dec av1d-master: AV1SHIM r[0][473]=00000000
[ 4424.629281] mpp_av1dec av1d-master: AV1SHIM r[0][474]=00000000
[ 4424.629286] mpp_av1dec av1d-master: AV1SHIM r[0][475]=00000000
[ 4424.629290] mpp_av1dec av1d-master: AV1SHIM r[0][476]=00000000
[ 4424.629295] mpp_av1dec av1d-master: AV1SHIM r[0][477]=00000000
[ 4424.629299] mpp_av1dec av1d-master: AV1SHIM r[0][478]=00000000
[ 4424.629303] mpp_av1dec av1d-master: AV1SHIM r[0][479]=00000000
[ 4424.629308] mpp_av1dec av1d-master: AV1SHIM r[0][480]=00000000
[ 4424.629312] mpp_av1dec av1d-master: AV1SHIM r[0][481]=00000000
[ 4424.629317] mpp_av1dec av1d-master: AV1SHIM r[0][482]=00000000
[ 4424.629321] mpp_av1dec av1d-master: AV1SHIM r[0][483]=00000000
[ 4424.629326] mpp_av1dec av1d-master: AV1SHIM r[0][484]=00000000
[ 4424.629330] mpp_av1dec av1d-master: AV1SHIM r[0][485]=00000000
[ 4424.629335] mpp_av1dec av1d-master: AV1SHIM r[0][486]=00000000
[ 4424.629339] mpp_av1dec av1d-master: AV1SHIM r[0][487]=00000000
[ 4424.629344] mpp_av1dec av1d-master: AV1SHIM r[0][488]=00000000
[ 4424.629348] mpp_av1dec av1d-master: AV1SHIM r[0][489]=00000000
[ 4424.629353] mpp_av1dec av1d-master: AV1SHIM r[0][490]=00000000
[ 4424.629357] mpp_av1dec av1d-master: AV1SHIM r[0][491]=00000000
[ 4424.629361] mpp_av1dec av1d-master: AV1SHIM r[0][492]=00000000
[ 4424.629367] mpp_av1dec av1d-master: AV1SHIM r[0][493]=00000000
[ 4424.629371] mpp_av1dec av1d-master: AV1SHIM r[0][494]=00000000
[ 4424.629375] mpp_av1dec av1d-master: AV1SHIM r[0][495]=00000000
[ 4424.629379] mpp_av1dec av1d-master: AV1SHIM r[0][496]=00000000
[ 4424.629383] mpp_av1dec av1d-master: AV1SHIM r[0][497]=00000000
[ 4424.629387] mpp_av1dec av1d-master: AV1SHIM r[0][498]=00000000
[ 4424.629391] mpp_av1dec av1d-master: AV1SHIM r[0][499]=00000000
[ 4424.629396] mpp_av1dec av1d-master: AV1SHIM r[0][500]=00000000
[ 4424.629400] mpp_av1dec av1d-master: AV1SHIM r[0][501]=00000000
[ 4424.629404] mpp_av1dec av1d-master: AV1SHIM r[0][502]=00000000
[ 4424.629408] mpp_av1dec av1d-master: AV1SHIM r[0][503]=00000000
[ 4424.629412] mpp_av1dec av1d-master: AV1SHIM r[0][504]=00000000
[ 4424.629418] mpp_av1dec av1d-master: AV1SHIM r[0][505]=00000000
[ 4424.629422] mpp_av1dec av1d-master: AV1SHIM r[0][506]=00000000
[ 4424.629427] mpp_av1dec av1d-master: AV1SHIM r[0][507]=00000000
[ 4424.629431] mpp_av1dec av1d-master: AV1SHIM r[0][508]=00000000
[ 4424.629436] mpp_av1dec av1d-master: AV1SHIM r[0][509]=00000000
[ 4424.629440] mpp_av1dec av1d-master: AV1SHIM r[0][510]=00000000
[ 4424.629445] mpp_av1dec av1d-master: AV1SHIM r[0][511]=00000000
[ 4424.629449] mpp_av1dec av1d-master: AV1SHIM class=1 count=166
[ 4424.629454] mpp_av1dec av1d-master: AV1SHIM r[1][000]=00000000
[ 4424.629458] mpp_av1dec av1d-master: AV1SHIM r[1][001]=00000000
[ 4424.629462] mpp_av1dec av1d-master: AV1SHIM r[1][002]=00000000
[ 4424.629467] mpp_av1dec av1d-master: AV1SHIM r[1][003]=00000000
[ 4424.629471] mpp_av1dec av1d-master: AV1SHIM r[1][004]=00000000
[ 4424.629476] mpp_av1dec av1d-master: AV1SHIM r[1][005]=00000000
[ 4424.629480] mpp_av1dec av1d-master: AV1SHIM r[1][006]=00000000
[ 4424.629484] mpp_av1dec av1d-master: AV1SHIM r[1][007]=00000000
[ 4424.629489] mpp_av1dec av1d-master: AV1SHIM r[1][008]=00000000
[ 4424.629493] mpp_av1dec av1d-master: AV1SHIM r[1][009]=00000000
[ 4424.629498] mpp_av1dec av1d-master: AV1SHIM r[1][010]=00000000
[ 4424.629502] mpp_av1dec av1d-master: AV1SHIM r[1][011]=00000000
[ 4424.629507] mpp_av1dec av1d-master: AV1SHIM r[1][012]=00000000
[ 4424.629511] mpp_av1dec av1d-master: AV1SHIM r[1][013]=00000000
[ 4424.629516] mpp_av1dec av1d-master: AV1SHIM r[1][014]=00000000
[ 4424.629520] mpp_av1dec av1d-master: AV1SHIM r[1][015]=00000000
[ 4424.629525] mpp_av1dec av1d-master: AV1SHIM r[1][016]=00000000
[ 4424.629529] mpp_av1dec av1d-master: AV1SHIM r[1][017]=00000000
[ 4424.629534] mpp_av1dec av1d-master: AV1SHIM r[1][018]=00000000
[ 4424.629538] mpp_av1dec av1d-master: AV1SHIM r[1][019]=00000000
[ 4424.629543] mpp_av1dec av1d-master: AV1SHIM r[1][020]=00000000
[ 4424.629547] mpp_av1dec av1d-master: AV1SHIM r[1][021]=00000000
[ 4424.629552] mpp_av1dec av1d-master: AV1SHIM r[1][022]=00000000
[ 4424.629556] mpp_av1dec av1d-master: AV1SHIM r[1][023]=00000000
[ 4424.629561] mpp_av1dec av1d-master: AV1SHIM r[1][024]=00000000
[ 4424.629565] mpp_av1dec av1d-master: AV1SHIM r[1][025]=00000000
[ 4424.629569] mpp_av1dec av1d-master: AV1SHIM r[1][026]=00000000
[ 4424.629574] mpp_av1dec av1d-master: AV1SHIM r[1][027]=00000000
[ 4424.629578] mpp_av1dec av1d-master: AV1SHIM r[1][028]=00000000
[ 4424.629583] mpp_av1dec av1d-master: AV1SHIM r[1][029]=00000000
[ 4424.629587] mpp_av1dec av1d-master: AV1SHIM r[1][030]=00000000
[ 4424.629592] mpp_av1dec av1d-master: AV1SHIM r[1][031]=00000000
[ 4424.629596] mpp_av1dec av1d-master: AV1SHIM r[1][032]=00000000
[ 4424.629601] mpp_av1dec av1d-master: AV1SHIM r[1][033]=00000000
[ 4424.629605] mpp_av1dec av1d-master: AV1SHIM r[1][034]=00000000
[ 4424.629610] mpp_av1dec av1d-master: AV1SHIM r[1][035]=00000000
[ 4424.629614] mpp_av1dec av1d-master: AV1SHIM r[1][036]=00000000
[ 4424.629619] mpp_av1dec av1d-master: AV1SHIM r[1][037]=00000000
[ 4424.629623] mpp_av1dec av1d-master: AV1SHIM r[1][038]=00000000
[ 4424.629627] mpp_av1dec av1d-master: AV1SHIM r[1][039]=00000000
[ 4424.629632] mpp_av1dec av1d-master: AV1SHIM r[1][040]=00000000
[ 4424.629636] mpp_av1dec av1d-master: AV1SHIM r[1][041]=00000000
[ 4424.629641] mpp_av1dec av1d-master: AV1SHIM r[1][042]=00000000
[ 4424.629645] mpp_av1dec av1d-master: AV1SHIM r[1][043]=00000000
[ 4424.629650] mpp_av1dec av1d-master: AV1SHIM r[1][044]=00000000
[ 4424.629654] mpp_av1dec av1d-master: AV1SHIM r[1][045]=00000000
[ 4424.629659] mpp_av1dec av1d-master: AV1SHIM r[1][046]=00000000
[ 4424.629663] mpp_av1dec av1d-master: AV1SHIM r[1][047]=00000000
[ 4424.629668] mpp_av1dec av1d-master: AV1SHIM r[1][048]=00000000
[ 4424.629672] mpp_av1dec av1d-master: AV1SHIM r[1][049]=00000000
[ 4424.629676] mpp_av1dec av1d-master: AV1SHIM r[1][050]=00000000
[ 4424.629681] mpp_av1dec av1d-master: AV1SHIM r[1][051]=00000000
[ 4424.629685] mpp_av1dec av1d-master: AV1SHIM r[1][052]=00000000
[ 4424.629690] mpp_av1dec av1d-master: AV1SHIM r[1][053]=00000000
[ 4424.629694] mpp_av1dec av1d-master: AV1SHIM r[1][054]=00000000
[ 4424.629699] mpp_av1dec av1d-master: AV1SHIM r[1][055]=00000000
[ 4424.629703] mpp_av1dec av1d-master: AV1SHIM r[1][056]=00000000
[ 4424.629708] mpp_av1dec av1d-master: AV1SHIM r[1][057]=00000000
[ 4424.629712] mpp_av1dec av1d-master: AV1SHIM r[1][058]=00000000
[ 4424.629717] mpp_av1dec av1d-master: AV1SHIM r[1][059]=00000000
[ 4424.629721] mpp_av1dec av1d-master: AV1SHIM r[1][060]=00000000
[ 4424.629726] mpp_av1dec av1d-master: AV1SHIM r[1][061]=00000000
[ 4424.629730] mpp_av1dec av1d-master: AV1SHIM r[1][062]=00000000
[ 4424.629734] mpp_av1dec av1d-master: AV1SHIM r[1][063]=00000000
[ 4424.629739] mpp_av1dec av1d-master: AV1SHIM r[1][064]=00000000
[ 4424.629743] mpp_av1dec av1d-master: AV1SHIM r[1][065]=00000000
[ 4424.629748] mpp_av1dec av1d-master: AV1SHIM r[1][066]=00000000
[ 4424.629753] mpp_av1dec av1d-master: AV1SHIM r[1][067]=00000000
[ 4424.629757] mpp_av1dec av1d-master: AV1SHIM r[1][068]=00000000
[ 4424.629761] mpp_av1dec av1d-master: AV1SHIM r[1][069]=00000000
[ 4424.629766] mpp_av1dec av1d-master: AV1SHIM r[1][070]=00000000
[ 4424.629770] mpp_av1dec av1d-master: AV1SHIM r[1][071]=00000000
[ 4424.629775] mpp_av1dec av1d-master: AV1SHIM r[1][072]=00000000
[ 4424.629779] mpp_av1dec av1d-master: AV1SHIM r[1][073]=00000000
[ 4424.629784] mpp_av1dec av1d-master: AV1SHIM r[1][074]=00000000
[ 4424.629788] mpp_av1dec av1d-master: AV1SHIM r[1][075]=00000000
[ 4424.629792] mpp_av1dec av1d-master: AV1SHIM r[1][076]=00000000
[ 4424.629797] mpp_av1dec av1d-master: AV1SHIM r[1][077]=00000000
[ 4424.629802] mpp_av1dec av1d-master: AV1SHIM r[1][078]=00000000
[ 4424.629806] mpp_av1dec av1d-master: AV1SHIM r[1][079]=00000000
[ 4424.629810] mpp_av1dec av1d-master: AV1SHIM r[1][080]=00000000
[ 4424.629815] mpp_av1dec av1d-master: AV1SHIM r[1][081]=00000000
[ 4424.629819] mpp_av1dec av1d-master: AV1SHIM r[1][082]=00000000
[ 4424.629824] mpp_av1dec av1d-master: AV1SHIM r[1][083]=00000000
[ 4424.629828] mpp_av1dec av1d-master: AV1SHIM r[1][084]=00000000
[ 4424.629833] mpp_av1dec av1d-master: AV1SHIM r[1][085]=00000000
[ 4424.629837] mpp_av1dec av1d-master: AV1SHIM r[1][086]=00000000
[ 4424.629841] mpp_av1dec av1d-master: AV1SHIM r[1][087]=00000000
[ 4424.629846] mpp_av1dec av1d-master: AV1SHIM r[1][088]=00000000
[ 4424.629851] mpp_av1dec av1d-master: AV1SHIM r[1][089]=00000000
[ 4424.629855] mpp_av1dec av1d-master: AV1SHIM r[1][090]=00000000
[ 4424.629859] mpp_av1dec av1d-master: AV1SHIM r[1][091]=00000000
[ 4424.629864] mpp_av1dec av1d-master: AV1SHIM r[1][092]=00000000
[ 4424.629868] mpp_av1dec av1d-master: AV1SHIM r[1][093]=00000000
[ 4424.629873] mpp_av1dec av1d-master: AV1SHIM r[1][094]=00000000
[ 4424.629877] mpp_av1dec av1d-master: AV1SHIM r[1][095]=00000000
[ 4424.629881] mpp_av1dec av1d-master: AV1SHIM r[1][096]=00000000
[ 4424.629886] mpp_av1dec av1d-master: AV1SHIM r[1][097]=00000000
[ 4424.629890] mpp_av1dec av1d-master: AV1SHIM r[1][098]=00000000
[ 4424.629895] mpp_av1dec av1d-master: AV1SHIM r[1][099]=00000000
[ 4424.629900] mpp_av1dec av1d-master: AV1SHIM r[1][100]=00000000
[ 4424.629904] mpp_av1dec av1d-master: AV1SHIM r[1][101]=00000000
[ 4424.629909] mpp_av1dec av1d-master: AV1SHIM r[1][102]=00000000
[ 4424.629913] mpp_av1dec av1d-master: AV1SHIM r[1][103]=00000000
[ 4424.629917] mpp_av1dec av1d-master: AV1SHIM r[1][104]=00000000
[ 4424.629922] mpp_av1dec av1d-master: AV1SHIM r[1][105]=00000000
[ 4424.629926] mpp_av1dec av1d-master: AV1SHIM r[1][106]=00000000
[ 4424.629931] mpp_av1dec av1d-master: AV1SHIM r[1][107]=00000000
[ 4424.629935] mpp_av1dec av1d-master: AV1SHIM r[1][108]=00000000
[ 4424.629940] mpp_av1dec av1d-master: AV1SHIM r[1][109]=00000000
[ 4424.629944] mpp_av1dec av1d-master: AV1SHIM r[1][110]=00000000
[ 4424.629949] mpp_av1dec av1d-master: AV1SHIM r[1][111]=00000000
[ 4424.629953] mpp_av1dec av1d-master: AV1SHIM r[1][112]=00000000
[ 4424.629958] mpp_av1dec av1d-master: AV1SHIM r[1][113]=00000000
[ 4424.629962] mpp_av1dec av1d-master: AV1SHIM r[1][114]=00000000
[ 4424.629967] mpp_av1dec av1d-master: AV1SHIM r[1][115]=00000000
[ 4424.629971] mpp_av1dec av1d-master: AV1SHIM r[1][116]=00000000
[ 4424.629976] mpp_av1dec av1d-master: AV1SHIM r[1][117]=00000000
[ 4424.629980] mpp_av1dec av1d-master: AV1SHIM r[1][118]=00000000
[ 4424.629984] mpp_av1dec av1d-master: AV1SHIM r[1][119]=00000000
[ 4424.629989] mpp_av1dec av1d-master: AV1SHIM r[1][120]=00000000
[ 4424.629993] mpp_av1dec av1d-master: AV1SHIM r[1][121]=00000000
[ 4424.629998] mpp_av1dec av1d-master: AV1SHIM r[1][122]=00000000
[ 4424.630002] mpp_av1dec av1d-master: AV1SHIM r[1][123]=00000000
[ 4424.630007] mpp_av1dec av1d-master: AV1SHIM r[1][124]=00000000
[ 4424.630011] mpp_av1dec av1d-master: AV1SHIM r[1][125]=00000000
[ 4424.630016] mpp_av1dec av1d-master: AV1SHIM r[1][126]=00000000
[ 4424.630020] mpp_av1dec av1d-master: AV1SHIM r[1][127]=00000000
[ 4424.630025] mpp_av1dec av1d-master: AV1SHIM r[1][128]=00000000
[ 4424.630029] mpp_av1dec av1d-master: AV1SHIM r[1][129]=00000000
[ 4424.630033] mpp_av1dec av1d-master: AV1SHIM r[1][130]=00000000
[ 4424.630038] mpp_av1dec av1d-master: AV1SHIM r[1][131]=00000000
[ 4424.630042] mpp_av1dec av1d-master: AV1SHIM r[1][132]=00000000
[ 4424.630047] mpp_av1dec av1d-master: AV1SHIM r[1][133]=00000000
[ 4424.630051] mpp_av1dec av1d-master: AV1SHIM r[1][134]=00000000
[ 4424.630056] mpp_av1dec av1d-master: AV1SHIM r[1][135]=00000000
[ 4424.630060] mpp_av1dec av1d-master: AV1SHIM r[1][136]=00000000
[ 4424.630065] mpp_av1dec av1d-master: AV1SHIM r[1][137]=00000000
[ 4424.630069] mpp_av1dec av1d-master: AV1SHIM r[1][138]=00000000
[ 4424.630074] mpp_av1dec av1d-master: AV1SHIM r[1][139]=00000000
[ 4424.630078] mpp_av1dec av1d-master: AV1SHIM r[1][140]=00000000
[ 4424.630082] mpp_av1dec av1d-master: AV1SHIM r[1][141]=00000000
[ 4424.630087] mpp_av1dec av1d-master: AV1SHIM r[1][142]=00000000
[ 4424.630091] mpp_av1dec av1d-master: AV1SHIM r[1][143]=00000000
[ 4424.630096] mpp_av1dec av1d-master: AV1SHIM r[1][144]=00000000
[ 4424.630100] mpp_av1dec av1d-master: AV1SHIM r[1][145]=00000000
[ 4424.630105] mpp_av1dec av1d-master: AV1SHIM r[1][146]=00000000
[ 4424.630109] mpp_av1dec av1d-master: AV1SHIM r[1][147]=00000000
[ 4424.630114] mpp_av1dec av1d-master: AV1SHIM r[1][148]=00000000
[ 4424.630118] mpp_av1dec av1d-master: AV1SHIM r[1][149]=00000000
[ 4424.630123] mpp_av1dec av1d-master: AV1SHIM r[1][150]=00000000
[ 4424.630127] mpp_av1dec av1d-master: AV1SHIM r[1][151]=00000000
[ 4424.630131] mpp_av1dec av1d-master: AV1SHIM r[1][152]=00000000
[ 4424.630136] mpp_av1dec av1d-master: AV1SHIM r[1][153]=00000000
[ 4424.630140] mpp_av1dec av1d-master: AV1SHIM r[1][154]=00000000
[ 4424.630145] mpp_av1dec av1d-master: AV1SHIM r[1][155]=00000000
[ 4424.630149] mpp_av1dec av1d-master: AV1SHIM r[1][156]=00000000
[ 4424.630154] mpp_av1dec av1d-master: AV1SHIM r[1][157]=00000000
[ 4424.630158] mpp_av1dec av1d-master: AV1SHIM r[1][158]=00000000
[ 4424.630163] mpp_av1dec av1d-master: AV1SHIM r[1][159]=00000000
[ 4424.630167] mpp_av1dec av1d-master: AV1SHIM r[1][160]=00000000
[ 4424.630172] mpp_av1dec av1d-master: AV1SHIM r[1][161]=00000000
[ 4424.630176] mpp_av1dec av1d-master: AV1SHIM r[1][162]=00000000
[ 4424.630180] mpp_av1dec av1d-master: AV1SHIM r[1][163]=00000000
[ 4424.630185] mpp_av1dec av1d-master: AV1SHIM r[1][164]=00000000
[ 4424.630189] mpp_av1dec av1d-master: AV1SHIM r[1][165]=00000000
[ 4424.630194] mpp_av1dec av1d-master: AV1SHIM class=2 count=212
[ 4424.630198] mpp_av1dec av1d-master: AV1SHIM r[2][000]=00000000
[ 4424.630203] mpp_av1dec av1d-master: AV1SHIM r[2][001]=00000000
[ 4424.630207] mpp_av1dec av1d-master: AV1SHIM r[2][002]=00000000
[ 4424.630212] mpp_av1dec av1d-master: AV1SHIM r[2][003]=00000000
[ 4424.630216] mpp_av1dec av1d-master: AV1SHIM r[2][004]=00000000
[ 4424.630221] mpp_av1dec av1d-master: AV1SHIM r[2][005]=00000000
[ 4424.630225] mpp_av1dec av1d-master: AV1SHIM r[2][006]=00000000
[ 4424.630229] mpp_av1dec av1d-master: AV1SHIM r[2][007]=00000000
[ 4424.630234] mpp_av1dec av1d-master: AV1SHIM r[2][008]=00000000
[ 4424.630238] mpp_av1dec av1d-master: AV1SHIM r[2][009]=00000000
[ 4424.630243] mpp_av1dec av1d-master: AV1SHIM r[2][010]=00000000
[ 4424.630247] mpp_av1dec av1d-master: AV1SHIM r[2][011]=00000000
[ 4424.630252] mpp_av1dec av1d-master: AV1SHIM r[2][012]=00000000
[ 4424.630285] mpp_av1dec av1d-master: AV1SHIM r[2][013]=00000000
[ 4424.630291] mpp_av1dec av1d-master: AV1SHIM r[2][014]=00000000
[ 4424.630296] mpp_av1dec av1d-master: AV1SHIM r[2][015]=00000000
[ 4424.630302] mpp_av1dec av1d-master: AV1SHIM r[2][016]=00000000
[ 4424.630307] mpp_av1dec av1d-master: AV1SHIM r[2][017]=00000000
[ 4424.630313] mpp_av1dec av1d-master: AV1SHIM r[2][018]=00000000
[ 4424.630318] mpp_av1dec av1d-master: AV1SHIM r[2][019]=00000000
[ 4424.630324] mpp_av1dec av1d-master: AV1SHIM r[2][020]=00000000
[ 4424.630329] mpp_av1dec av1d-master: AV1SHIM r[2][021]=00000000
[ 4424.630335] mpp_av1dec av1d-master: AV1SHIM r[2][022]=00000000
[ 4424.630340] mpp_av1dec av1d-master: AV1SHIM r[2][023]=00000000
[ 4424.630346] mpp_av1dec av1d-master: AV1SHIM r[2][024]=00000000
[ 4424.630351] mpp_av1dec av1d-master: AV1SHIM r[2][025]=00000000
[ 4424.630357] mpp_av1dec av1d-master: AV1SHIM r[2][026]=00000000
[ 4424.630362] mpp_av1dec av1d-master: AV1SHIM r[2][027]=00000000
[ 4424.630368] mpp_av1dec av1d-master: AV1SHIM r[2][028]=00000000
[ 4424.630373] mpp_av1dec av1d-master: AV1SHIM r[2][029]=00000000
[ 4424.630378] mpp_av1dec av1d-master: AV1SHIM r[2][030]=00000000
[ 4424.630384] mpp_av1dec av1d-master: AV1SHIM r[2][031]=00000000
[ 4424.630390] mpp_av1dec av1d-master: AV1SHIM r[2][032]=00000000
[ 4424.630395] mpp_av1dec av1d-master: AV1SHIM r[2][033]=00000000
[ 4424.630400] mpp_av1dec av1d-master: AV1SHIM r[2][034]=00000000
[ 4424.630406] mpp_av1dec av1d-master: AV1SHIM r[2][035]=00000000
[ 4424.630411] mpp_av1dec av1d-master: AV1SHIM r[2][036]=00000000
[ 4424.630415] mpp_av1dec av1d-master: AV1SHIM r[2][037]=00000000
[ 4424.630421] mpp_av1dec av1d-master: AV1SHIM r[2][038]=00000000
[ 4424.630427] mpp_av1dec av1d-master: AV1SHIM r[2][039]=00000000
[ 4424.630431] mpp_av1dec av1d-master: AV1SHIM r[2][040]=00000000
[ 4424.630436] mpp_av1dec av1d-master: AV1SHIM r[2][041]=00000000
[ 4424.630440] mpp_av1dec av1d-master: AV1SHIM r[2][042]=00000000
[ 4424.630445] mpp_av1dec av1d-master: AV1SHIM r[2][043]=00000000
[ 4424.630449] mpp_av1dec av1d-master: AV1SHIM r[2][044]=00000000
[ 4424.630454] mpp_av1dec av1d-master: AV1SHIM r[2][045]=00000000
[ 4424.630458] mpp_av1dec av1d-master: AV1SHIM r[2][046]=00000000
[ 4424.630463] mpp_av1dec av1d-master: AV1SHIM r[2][047]=00000000
[ 4424.630467] mpp_av1dec av1d-master: AV1SHIM r[2][048]=00000000
[ 4424.630471] mpp_av1dec av1d-master: AV1SHIM r[2][049]=00000000
[ 4424.630476] mpp_av1dec av1d-master: AV1SHIM r[2][050]=00000000
[ 4424.630481] mpp_av1dec av1d-master: AV1SHIM r[2][051]=00000000
[ 4424.630485] mpp_av1dec av1d-master: AV1SHIM r[2][052]=00000000
[ 4424.630490] mpp_av1dec av1d-master: AV1SHIM r[2][053]=00000000
[ 4424.630494] mpp_av1dec av1d-master: AV1SHIM r[2][054]=00000000
[ 4424.630499] mpp_av1dec av1d-master: AV1SHIM r[2][055]=00000000
[ 4424.630503] mpp_av1dec av1d-master: AV1SHIM r[2][056]=00000000
[ 4424.630508] mpp_av1dec av1d-master: AV1SHIM r[2][057]=00000000
[ 4424.630512] mpp_av1dec av1d-master: AV1SHIM r[2][058]=00000000
[ 4424.630518] mpp_av1dec av1d-master: AV1SHIM r[2][059]=00000000
[ 4424.630526] mpp_av1dec av1d-master: AV1SHIM r[2][060]=00000000
[ 4424.630532] mpp_av1dec av1d-master: AV1SHIM r[2][061]=00000000
[ 4424.630537] mpp_av1dec av1d-master: AV1SHIM r[2][062]=00000000
[ 4424.630543] mpp_av1dec av1d-master: AV1SHIM r[2][063]=00000000
[ 4424.630548] mpp_av1dec av1d-master: AV1SHIM r[2][064]=00000000
[ 4424.630554] mpp_av1dec av1d-master: AV1SHIM r[2][065]=00000000
[ 4424.630559] mpp_av1dec av1d-master: AV1SHIM r[2][066]=00000000
[ 4424.630565] mpp_av1dec av1d-master: AV1SHIM r[2][067]=00000000
[ 4424.630570] mpp_av1dec av1d-master: AV1SHIM r[2][068]=00000000
[ 4424.630576] mpp_av1dec av1d-master: AV1SHIM r[2][069]=00000000
[ 4424.630581] mpp_av1dec av1d-master: AV1SHIM r[2][070]=00000000
[ 4424.630587] mpp_av1dec av1d-master: AV1SHIM r[2][071]=00000000
[ 4424.630592] mpp_av1dec av1d-master: AV1SHIM r[2][072]=00000000
[ 4424.630597] mpp_av1dec av1d-master: AV1SHIM r[2][073]=00000000
[ 4424.630603] mpp_av1dec av1d-master: AV1SHIM r[2][074]=00000000
[ 4424.630609] mpp_av1dec av1d-master: AV1SHIM r[2][075]=00000000
[ 4424.630614] mpp_av1dec av1d-master: AV1SHIM r[2][076]=00000000
[ 4424.630619] mpp_av1dec av1d-master: AV1SHIM r[2][077]=00000000
[ 4424.630625] mpp_av1dec av1d-master: AV1SHIM r[2][078]=00000000
[ 4424.630630] mpp_av1dec av1d-master: AV1SHIM r[2][079]=00000000
[ 4424.630636] mpp_av1dec av1d-master: AV1SHIM r[2][080]=00000000
[ 4424.630641] mpp_av1dec av1d-master: AV1SHIM r[2][081]=00000000
[ 4424.630647] mpp_av1dec av1d-master: AV1SHIM r[2][082]=00000000
[ 4424.630652] mpp_av1dec av1d-master: AV1SHIM r[2][083]=00000000
[ 4424.630658] mpp_av1dec av1d-master: AV1SHIM r[2][084]=00000000
[ 4424.630663] mpp_av1dec av1d-master: AV1SHIM r[2][085]=00000000
[ 4424.630669] mpp_av1dec av1d-master: AV1SHIM r[2][086]=00000000
[ 4424.630676] mpp_av1dec av1d-master: AV1SHIM r[2][087]=00000000
[ 4424.630683] mpp_av1dec av1d-master: AV1SHIM r[2][088]=00000000
[ 4424.630687] mpp_av1dec av1d-master: AV1SHIM r[2][089]=00000000
[ 4424.630692] mpp_av1dec av1d-master: AV1SHIM r[2][090]=00000000
[ 4424.630696] mpp_av1dec av1d-master: AV1SHIM r[2][091]=00000000
[ 4424.630701] mpp_av1dec av1d-master: AV1SHIM r[2][092]=00000000
[ 4424.630705] mpp_av1dec av1d-master: AV1SHIM r[2][093]=00000000
[ 4424.630710] mpp_av1dec av1d-master: AV1SHIM r[2][094]=00000000
[ 4424.630714] mpp_av1dec av1d-master: AV1SHIM r[2][095]=00000000
[ 4424.630719] mpp_av1dec av1d-master: AV1SHIM r[2][096]=00000000
[ 4424.630723] mpp_av1dec av1d-master: AV1SHIM r[2][097]=00000000
[ 4424.630728] mpp_av1dec av1d-master: AV1SHIM r[2][098]=00000000
[ 4424.630732] mpp_av1dec av1d-master: AV1SHIM r[2][099]=00000000
[ 4424.630737] mpp_av1dec av1d-master: AV1SHIM r[2][100]=00000000
[ 4424.630741] mpp_av1dec av1d-master: AV1SHIM r[2][101]=00000000
[ 4424.630746] mpp_av1dec av1d-master: AV1SHIM r[2][102]=00000000
[ 4424.630750] mpp_av1dec av1d-master: AV1SHIM r[2][103]=00000000
[ 4424.630755] mpp_av1dec av1d-master: AV1SHIM r[2][104]=00000000
[ 4424.630759] mpp_av1dec av1d-master: AV1SHIM r[2][105]=00000000
[ 4424.630764] mpp_av1dec av1d-master: AV1SHIM r[2][106]=00000000
[ 4424.630768] mpp_av1dec av1d-master: AV1SHIM r[2][107]=00000000
[ 4424.630773] mpp_av1dec av1d-master: AV1SHIM r[2][108]=00000000
[ 4424.630777] mpp_av1dec av1d-master: AV1SHIM r[2][109]=00000000
[ 4424.630786] mpp_av1dec av1d-master: AV1SHIM r[2][110]=00000000
[ 4424.630791] mpp_av1dec av1d-master: AV1SHIM r[2][111]=00000000
[ 4424.630796] mpp_av1dec av1d-master: AV1SHIM r[2][112]=00000000
[ 4424.630802] mpp_av1dec av1d-master: AV1SHIM r[2][113]=00000000
[ 4424.630807] mpp_av1dec av1d-master: AV1SHIM r[2][114]=00000000
[ 4424.630813] mpp_av1dec av1d-master: AV1SHIM r[2][115]=00000000
[ 4424.630818] mpp_av1dec av1d-master: AV1SHIM r[2][116]=00000000
[ 4424.630824] mpp_av1dec av1d-master: AV1SHIM r[2][117]=00000000
[ 4424.630829] mpp_av1dec av1d-master: AV1SHIM r[2][118]=00000000
[ 4424.630835] mpp_av1dec av1d-master: AV1SHIM r[2][119]=00000000
[ 4424.630840] mpp_av1dec av1d-master: AV1SHIM r[2][120]=00000000
[ 4424.630846] mpp_av1dec av1d-master: AV1SHIM r[2][121]=00000000
[ 4424.630851] mpp_av1dec av1d-master: AV1SHIM r[2][122]=00000000
[ 4424.630857] mpp_av1dec av1d-master: AV1SHIM r[2][123]=00000000
[ 4424.630862] mpp_av1dec av1d-master: AV1SHIM r[2][124]=00000000
[ 4424.630868] mpp_av1dec av1d-master: AV1SHIM r[2][125]=00000000
[ 4424.630873] mpp_av1dec av1d-master: AV1SHIM r[2][126]=00000000
[ 4424.630879] mpp_av1dec av1d-master: AV1SHIM r[2][127]=00000000
[ 4424.630884] mpp_av1dec av1d-master: AV1SHIM r[2][128]=00000000
[ 4424.630890] mpp_av1dec av1d-master: AV1SHIM r[2][129]=00000000
[ 4424.630895] mpp_av1dec av1d-master: AV1SHIM r[2][130]=00000000
[ 4424.630901] mpp_av1dec av1d-master: AV1SHIM r[2][131]=00000000
[ 4424.630906] mpp_av1dec av1d-master: AV1SHIM r[2][132]=00000000
[ 4424.630912] mpp_av1dec av1d-master: AV1SHIM r[2][133]=00000000
[ 4424.630917] mpp_av1dec av1d-master: AV1SHIM r[2][134]=00000000
[ 4424.630922] mpp_av1dec av1d-master: AV1SHIM r[2][135]=00000000
[ 4424.630928] mpp_av1dec av1d-master: AV1SHIM r[2][136]=00000000
[ 4424.630936] mpp_av1dec av1d-master: AV1SHIM r[2][137]=00000000
[ 4424.630943] mpp_av1dec av1d-master: AV1SHIM r[2][138]=00000000
[ 4424.630950] mpp_av1dec av1d-master: AV1SHIM r[2][139]=00000000
[ 4424.630954] mpp_av1dec av1d-master: AV1SHIM r[2][140]=00000000
[ 4424.630959] mpp_av1dec av1d-master: AV1SHIM r[2][141]=00000000
[ 4424.630963] mpp_av1dec av1d-master: AV1SHIM r[2][142]=00000000
[ 4424.630967] mpp_av1dec av1d-master: AV1SHIM r[2][143]=00000000
[ 4424.630971] mpp_av1dec av1d-master: AV1SHIM r[2][144]=00000000
[ 4424.630975] mpp_av1dec av1d-master: AV1SHIM r[2][145]=00000000
[ 4424.630980] mpp_av1dec av1d-master: AV1SHIM r[2][146]=00000000
[ 4424.630984] mpp_av1dec av1d-master: AV1SHIM r[2][147]=00000000
[ 4424.630988] mpp_av1dec av1d-master: AV1SHIM r[2][148]=00000000
[ 4424.630992] mpp_av1dec av1d-master: AV1SHIM r[2][149]=00000000
[ 4424.630996] mpp_av1dec av1d-master: AV1SHIM r[2][150]=00000000
[ 4424.631001] mpp_av1dec av1d-master: AV1SHIM r[2][151]=00000000
[ 4424.631005] mpp_av1dec av1d-master: AV1SHIM r[2][152]=00000000
[ 4424.631009] mpp_av1dec av1d-master: AV1SHIM r[2][153]=00000000
[ 4424.631013] mpp_av1dec av1d-master: AV1SHIM r[2][154]=00000000
[ 4424.631017] mpp_av1dec av1d-master: AV1SHIM r[2][155]=00000000
[ 4424.631021] mpp_av1dec av1d-master: AV1SHIM r[2][156]=00000000
[ 4424.631026] mpp_av1dec av1d-master: AV1SHIM r[2][157]=00000000
[ 4424.631030] mpp_av1dec av1d-master: AV1SHIM r[2][158]=00000000
[ 4424.631034] mpp_av1dec av1d-master: AV1SHIM r[2][159]=00000000
[ 4424.631038] mpp_av1dec av1d-master: AV1SHIM r[2][160]=00000000
[ 4424.631042] mpp_av1dec av1d-master: AV1SHIM r[2][161]=00000000
[ 4424.631046] mpp_av1dec av1d-master: AV1SHIM r[2][162]=00000000
[ 4424.631051] mpp_av1dec av1d-master: AV1SHIM r[2][163]=00000000
[ 4424.631055] mpp_av1dec av1d-master: AV1SHIM r[2][164]=00000000
[ 4424.631059] mpp_av1dec av1d-master: AV1SHIM r[2][165]=00000000
[ 4424.631065] mpp_av1dec av1d-master: AV1SHIM r[2][166]=00000000
[ 4424.631070] mpp_av1dec av1d-master: AV1SHIM r[2][167]=00000000
[ 4424.631076] mpp_av1dec av1d-master: AV1SHIM r[2][168]=00000000
[ 4424.631081] mpp_av1dec av1d-master: AV1SHIM r[2][169]=00000000
[ 4424.631087] mpp_av1dec av1d-master: AV1SHIM r[2][170]=00000000
[ 4424.631092] mpp_av1dec av1d-master: AV1SHIM r[2][171]=00000000
[ 4424.631104] mpp_av1dec av1d-master: AV1SHIM r[2][172]=00000000
[ 4424.631111] mpp_av1dec av1d-master: AV1SHIM r[2][173]=00000000
[ 4424.631117] mpp_av1dec av1d-master: AV1SHIM r[2][174]=00000000
[ 4424.631124] mpp_av1dec av1d-master: AV1SHIM r[2][175]=00000000
[ 4424.631130] mpp_av1dec av1d-master: AV1SHIM r[2][176]=00000000
[ 4424.631138] mpp_av1dec av1d-master: AV1SHIM r[2][177]=00000000
[ 4424.631143] mpp_av1dec av1d-master: AV1SHIM r[2][178]=00000000
[ 4424.631149] mpp_av1dec av1d-master: AV1SHIM r[2][179]=00000000
[ 4424.631155] mpp_av1dec av1d-master: AV1SHIM r[2][180]=00000000
[ 4424.631160] mpp_av1dec av1d-master: AV1SHIM r[2][181]=00000000
[ 4424.631166] mpp_av1dec av1d-master: AV1SHIM r[2][182]=00000000
[ 4424.631171] mpp_av1dec av1d-master: AV1SHIM r[2][183]=00000000
[ 4424.631177] mpp_av1dec av1d-master: AV1SHIM r[2][184]=00000000
[ 4424.631182] mpp_av1dec av1d-master: AV1SHIM r[2][185]=00000000
[ 4424.631188] mpp_av1dec av1d-master: AV1SHIM r[2][186]=00000000
[ 4424.631193] mpp_av1dec av1d-master: AV1SHIM r[2][187]=00000000
[ 4424.631199] mpp_av1dec av1d-master: AV1SHIM r[2][188]=00000000
[ 4424.631204] mpp_av1dec av1d-master: AV1SHIM r[2][189]=00000000
[ 4424.631210] mpp_av1dec av1d-master: AV1SHIM r[2][190]=00000000
[ 4424.631216] mpp_av1dec av1d-master: AV1SHIM r[2][191]=00000000
[ 4424.631221] mpp_av1dec av1d-master: AV1SHIM r[2][192]=00000000
[ 4424.631227] mpp_av1dec av1d-master: AV1SHIM r[2][193]=00000000
[ 4424.631232] mpp_av1dec av1d-master: AV1SHIM r[2][194]=00000000
[ 4424.631237] mpp_av1dec av1d-master: AV1SHIM r[2][195]=00000000
[ 4424.631241] mpp_av1dec av1d-master: AV1SHIM r[2][196]=00000000
[ 4424.631246] mpp_av1dec av1d-master: AV1SHIM r[2][197]=00000000
[ 4424.631250] mpp_av1dec av1d-master: AV1SHIM r[2][198]=00000000
[ 4424.631254] mpp_av1dec av1d-master: AV1SHIM r[2][199]=00000000
[ 4424.631258] mpp_av1dec av1d-master: AV1SHIM r[2][200]=00000000
[ 4424.631262] mpp_av1dec av1d-master: AV1SHIM r[2][201]=00000000
[ 4424.631267] mpp_av1dec av1d-master: AV1SHIM r[2][202]=00000000
[ 4424.631271] mpp_av1dec av1d-master: AV1SHIM r[2][203]=00000000
[ 4424.631275] mpp_av1dec av1d-master: AV1SHIM r[2][204]=00000000
[ 4424.631279] mpp_av1dec av1d-master: AV1SHIM r[2][205]=00000000
[ 4424.631286] mpp_av1dec av1d-master: AV1SHIM r[2][206]=00000000
[ 4424.631291] mpp_av1dec av1d-master: AV1SHIM r[2][207]=00000000
[ 4424.631296] mpp_av1dec av1d-master: AV1SHIM r[2][208]=00000000
[ 4424.631300] mpp_av1dec av1d-master: AV1SHIM r[2][209]=00000000
[ 4424.631305] mpp_av1dec av1d-master: AV1SHIM r[2][210]=00000000
[ 4424.631309] mpp_av1dec av1d-master: AV1SHIM r[2][211]=00000000
[ 4424.631314] mpp_av1dec av1d-master: AV1SHIM kick end en=00000001 base=00000004
[ 4424.632414] mpp_av1dec av1d-master: AV1SHIM irq sta_base=00000004
[ 4424.632421] mpp_av1dec av1d-master: AV1SHIM irq status=00001100
[ 4424.632792] mpp_av1dec av1d-master: AV1SHIM kick begin task=00000000871e4ebf
[ 4424.632794] mpp_av1dec av1d-master: AV1SHIM class=0 count=512
[ 4424.632796] mpp_av1dec av1d-master: AV1SHIM r[0][000]=00000000
[ 4424.632798] mpp_av1dec av1d-master: AV1SHIM r[0][001]=00000001
[ 4424.632799] mpp_av1dec av1d-master: AV1SHIM r[0][002]=00000400
[ 4424.632801] mpp_av1dec av1d-master: AV1SHIM r[0][003]=88001100
[ 4424.632802] mpp_av1dec av1d-master: AV1SHIM r[0][004]=05001681
[ 4424.632804] mpp_av1dec av1d-master: AV1SHIM r[0][005]=50017f00
[ 4424.632806] mpp_av1dec av1d-master: AV1SHIM r[0][006]=00000200
[ 4424.632807] mpp_av1dec av1d-master: AV1SHIM r[0][007]=00000008
[ 4424.632809] mpp_av1dec av1d-master: AV1SHIM r[0][008]=0a006900
[ 4424.632810] mpp_av1dec av1d-master: AV1SHIM r[0][009]=00003900
[ 4424.632812] mpp_av1dec av1d-master: AV1SHIM r[0][010]=00020401
[ 4424.632814] mpp_av1dec av1d-master: AV1SHIM r[0][011]=d8000c0c
[ 4424.632815] mpp_av1dec av1d-master: AV1SHIM r[0][012]=00007800
[ 4424.632817] mpp_av1dec av1d-master: AV1SHIM r[0][013]=00000000
[ 4424.632819] mpp_av1dec av1d-master: AV1SHIM r[0][014]=0c000000
[ 4424.632820] mpp_av1dec av1d-master: AV1SHIM r[0][015]=0c000000
[ 4424.632821] mpp_av1dec av1d-master: AV1SHIM r[0][016]=04000000
[ 4424.632823] mpp_av1dec av1d-master: AV1SHIM r[0][017]=04000000
[ 4424.632825] mpp_av1dec av1d-master: AV1SHIM r[0][018]=00000000
[ 4424.632826] mpp_av1dec av1d-master: AV1SHIM r[0][019]=fc000000
[ 4424.632828] mpp_av1dec av1d-master: AV1SHIM r[0][020]=02000000
[ 4424.632829] mpp_av1dec av1d-master: AV1SHIM r[0][021]=02000000
[ 4424.632831] mpp_av1dec av1d-master: AV1SHIM r[0][022]=02000000
[ 4424.632833] mpp_av1dec av1d-master: AV1SHIM r[0][023]=02000000
[ 4424.632834] mpp_av1dec av1d-master: AV1SHIM r[0][024]=02000000
[ 4424.632836] mpp_av1dec av1d-master: AV1SHIM r[0][025]=02000000
[ 4424.632837] mpp_av1dec av1d-master: AV1SHIM r[0][026]=02000000
[ 4424.632841] mpp_av1dec av1d-master: AV1SHIM r[0][027]=02000000
[ 4424.632844] mpp_av1dec av1d-master: AV1SHIM r[0][028]=00000000
[ 4424.632846] mpp_av1dec av1d-master: AV1SHIM r[0][029]=00000000
[ 4424.632848] mpp_av1dec av1d-master: AV1SHIM r[0][030]=00000000
[ 4424.632850] mpp_av1dec av1d-master: AV1SHIM r[0][031]=04000000
[ 4424.632852] mpp_av1dec av1d-master: AV1SHIM r[0][032]=14000000
[ 4424.632854] mpp_av1dec av1d-master: AV1SHIM r[0][033]=050002d0
[ 4424.632856] mpp_av1dec av1d-master: AV1SHIM r[0][034]=050002d0
[ 4424.632858] mpp_av1dec av1d-master: AV1SHIM r[0][035]=050002d0
[ 4424.632860] mpp_av1dec av1d-master: AV1SHIM r[0][036]=40004000
[ 4424.632862] mpp_av1dec av1d-master: AV1SHIM r[0][037]=40004000
[ 4424.632864] mpp_av1dec av1d-master: AV1SHIM r[0][038]=40004000
[ 4424.632866] mpp_av1dec av1d-master: AV1SHIM r[0][039]=40004000
[ 4424.632868] mpp_av1dec av1d-master: AV1SHIM r[0][040]=40004000
[ 4424.632870] mpp_av1dec av1d-master: AV1SHIM r[0][041]=40004000
[ 4424.632872] mpp_av1dec av1d-master: AV1SHIM r[0][042]=40004000
[ 4424.632874] mpp_av1dec av1d-master: AV1SHIM r[0][043]=050002d0
[ 4424.632876] mpp_av1dec av1d-master: AV1SHIM r[0][044]=050002d0
[ 4424.632878] mpp_av1dec av1d-master: AV1SHIM r[0][045]=050002d0
[ 4424.632880] mpp_av1dec av1d-master: AV1SHIM r[0][046]=050002d0
[ 4424.632882] mpp_av1dec av1d-master: AV1SHIM r[0][047]=78201008
[ 4424.632884] mpp_av1dec av1d-master: AV1SHIM r[0][048]=78201008
[ 4424.632886] mpp_av1dec av1d-master: AV1SHIM r[0][049]=0003c000
[ 4424.632888] mpp_av1dec av1d-master: AV1SHIM r[0][050]=00000000
[ 4424.632890] mpp_av1dec av1d-master: AV1SHIM r[0][051]=0003800e
[ 4424.632892] mpp_av1dec av1d-master: AV1SHIM r[0][052]=00000000
[ 4424.632894] mpp_av1dec av1d-master: AV1SHIM r[0][053]=00020000
[ 4424.632896] mpp_av1dec av1d-master: AV1SHIM r[0][054]=00000000
[ 4424.632898] mpp_av1dec av1d-master: AV1SHIM r[0][055]=00000008
[ 4424.632900] mpp_av1dec av1d-master: AV1SHIM r[0][056]=00000000
[ 4424.632902] mpp_av1dec av1d-master: AV1SHIM r[0][057]=00000000
[ 4424.632904] mpp_av1dec av1d-master: AV1SHIM r[0][058]=00000210
[ 4424.632906] mpp_av1dec av1d-master: AV1SHIM r[0][059]=00000000
[ 4424.632908] mpp_av1dec av1d-master: AV1SHIM r[0][060]=00000000
[ 4424.632910] mpp_av1dec av1d-master: AV1SHIM r[0][061]=00000000
[ 4424.632912] mpp_av1dec av1d-master: AV1SHIM r[0][062]=00000000
[ 4424.632916] mpp_av1dec av1d-master: AV1SHIM r[0][063]=00000000
[ 4424.632918] mpp_av1dec av1d-master: AV1SHIM r[0][064]=00000000
[ 4424.632920] mpp_av1dec av1d-master: AV1SHIM r[0][065]=ff490000
[ 4424.632922] mpp_av1dec av1d-master: AV1SHIM r[0][066]=00000000
[ 4424.632924] mpp_av1dec av1d-master: AV1SHIM r[0][067]=ffc90000
[ 4424.632926] mpp_av1dec av1d-master: AV1SHIM r[0][068]=00000000
[ 4424.632928] mpp_av1dec av1d-master: AV1SHIM r[0][069]=ffc90000
[ 4424.632929] mpp_av1dec av1d-master: AV1SHIM r[0][070]=00000000
[ 4424.632931] mpp_av1dec av1d-master: AV1SHIM r[0][071]=ffc90000
[ 4424.632933] mpp_av1dec av1d-master: AV1SHIM r[0][072]=00000000
[ 4424.632935] mpp_av1dec av1d-master: AV1SHIM r[0][073]=ffc90000
[ 4424.632937] mpp_av1dec av1d-master: AV1SHIM r[0][074]=00000000
[ 4424.632939] mpp_av1dec av1d-master: AV1SHIM r[0][075]=ffc90000
[ 4424.632941] mpp_av1dec av1d-master: AV1SHIM r[0][076]=00000000
[ 4424.632943] mpp_av1dec av1d-master: AV1SHIM r[0][077]=ffc90000
[ 4424.632945] mpp_av1dec av1d-master: AV1SHIM r[0][078]=00000000
[ 4424.632946] mpp_av1dec av1d-master: AV1SHIM r[0][079]=ffc90000
[ 4424.632948] mpp_av1dec av1d-master: AV1SHIM r[0][080]=00000000
[ 4424.632950] mpp_av1dec av1d-master: AV1SHIM r[0][081]=00000000
[ 4424.632952] mpp_av1dec av1d-master: AV1SHIM r[0][082]=00000000
[ 4424.632954] mpp_av1dec av1d-master: AV1SHIM r[0][083]=ffe17000
[ 4424.632956] mpp_av1dec av1d-master: AV1SHIM r[0][084]=00000000
[ 4424.632958] mpp_av1dec av1d-master: AV1SHIM r[0][085]=fff14500
[ 4424.632959] mpp_av1dec av1d-master: AV1SHIM r[0][086]=00000000
[ 4424.632961] mpp_av1dec av1d-master: AV1SHIM r[0][087]=00000000
[ 4424.632963] mpp_av1dec av1d-master: AV1SHIM r[0][088]=00000000
[ 4424.632965] mpp_av1dec av1d-master: AV1SHIM r[0][089]=fff16e80
[ 4424.632967] mpp_av1dec av1d-master: AV1SHIM r[0][090]=00000000
[ 4424.632969] mpp_av1dec av1d-master: AV1SHIM r[0][091]=fff23900
[ 4424.632971] mpp_av1dec av1d-master: AV1SHIM r[0][092]=00000000
[ 4424.632973] mpp_av1dec av1d-master: AV1SHIM r[0][093]=00000000
[ 4424.632975] mpp_av1dec av1d-master: AV1SHIM r[0][094]=00000000
[ 4424.632976] mpp_av1dec av1d-master: AV1SHIM r[0][095]=00000000
[ 4424.632978] mpp_av1dec av1d-master: AV1SHIM r[0][096]=00000000
[ 4424.632980] mpp_av1dec av1d-master: AV1SHIM r[0][097]=00000000
[ 4424.632982] mpp_av1dec av1d-master: AV1SHIM r[0][098]=00000000
[ 4424.632984] mpp_av1dec av1d-master: AV1SHIM r[0][099]=ff571000
[ 4424.632986] mpp_av1dec av1d-master: AV1SHIM r[0][100]=00000000
[ 4424.632988] mpp_av1dec av1d-master: AV1SHIM r[0][101]=ffd71000
[ 4424.632989] mpp_av1dec av1d-master: AV1SHIM r[0][102]=00000000
[ 4424.632991] mpp_av1dec av1d-master: AV1SHIM r[0][103]=ffd71000
[ 4424.632993] mpp_av1dec av1d-master: AV1SHIM r[0][104]=00000000
[ 4424.632995] mpp_av1dec av1d-master: AV1SHIM r[0][105]=ffd71000
[ 4424.632997] mpp_av1dec av1d-master: AV1SHIM r[0][106]=00000000
[ 4424.632999] mpp_av1dec av1d-master: AV1SHIM r[0][107]=ffd71000
[ 4424.633001] mpp_av1dec av1d-master: AV1SHIM r[0][108]=00000000
[ 4424.633003] mpp_av1dec av1d-master: AV1SHIM r[0][109]=ffd71000
[ 4424.633005] mpp_av1dec av1d-master: AV1SHIM r[0][110]=00000000
[ 4424.633006] mpp_av1dec av1d-master: AV1SHIM r[0][111]=ffd71000
[ 4424.633008] mpp_av1dec av1d-master: AV1SHIM r[0][112]=00000000
[ 4424.633010] mpp_av1dec av1d-master: AV1SHIM r[0][113]=ffd71000
[ 4424.633012] mpp_av1dec av1d-master: AV1SHIM r[0][114]=00000000
[ 4424.633014] mpp_av1dec av1d-master: AV1SHIM r[0][115]=00000000
[ 4424.633016] mpp_av1dec av1d-master: AV1SHIM r[0][116]=00000000
[ 4424.633018] mpp_av1dec av1d-master: AV1SHIM r[0][117]=00000000
[ 4424.633019] mpp_av1dec av1d-master: AV1SHIM r[0][118]=00000000
[ 4424.633021] mpp_av1dec av1d-master: AV1SHIM r[0][119]=00000000
[ 4424.633023] mpp_av1dec av1d-master: AV1SHIM r[0][120]=00000000
[ 4424.633025] mpp_av1dec av1d-master: AV1SHIM r[0][121]=00000000
[ 4424.633027] mpp_av1dec av1d-master: AV1SHIM r[0][122]=00000000
[ 4424.633029] mpp_av1dec av1d-master: AV1SHIM r[0][123]=00000000
[ 4424.633031] mpp_av1dec av1d-master: AV1SHIM r[0][124]=00000000
[ 4424.633033] mpp_av1dec av1d-master: AV1SHIM r[0][125]=00000000
[ 4424.633034] mpp_av1dec av1d-master: AV1SHIM r[0][126]=00000000
[ 4424.633036] mpp_av1dec av1d-master: AV1SHIM r[0][127]=00000000
[ 4424.633038] mpp_av1dec av1d-master: AV1SHIM r[0][128]=00000000
[ 4424.633040] mpp_av1dec av1d-master: AV1SHIM r[0][129]=00000000
[ 4424.633042] mpp_av1dec av1d-master: AV1SHIM r[0][130]=00000000
[ 4424.633044] mpp_av1dec av1d-master: AV1SHIM r[0][131]=00000000
[ 4424.633046] mpp_av1dec av1d-master: AV1SHIM r[0][132]=00000000
[ 4424.633047] mpp_av1dec av1d-master: AV1SHIM r[0][133]=ff5e1840
[ 4424.633049] mpp_av1dec av1d-master: AV1SHIM r[0][134]=00000000
[ 4424.633051] mpp_av1dec av1d-master: AV1SHIM r[0][135]=ffde1840
[ 4424.633053] mpp_av1dec av1d-master: AV1SHIM r[0][136]=00000000
[ 4424.633055] mpp_av1dec av1d-master: AV1SHIM r[0][137]=ffde1840
[ 4424.633057] mpp_av1dec av1d-master: AV1SHIM r[0][138]=00000000
[ 4424.633059] mpp_av1dec av1d-master: AV1SHIM r[0][139]=ffde1840
[ 4424.633061] mpp_av1dec av1d-master: AV1SHIM r[0][140]=00000000
[ 4424.633063] mpp_av1dec av1d-master: AV1SHIM r[0][141]=ffde1840
[ 4424.633064] mpp_av1dec av1d-master: AV1SHIM r[0][142]=00000000
[ 4424.633066] mpp_av1dec av1d-master: AV1SHIM r[0][143]=ffde1840
[ 4424.633068] mpp_av1dec av1d-master: AV1SHIM r[0][144]=00000000
[ 4424.633070] mpp_av1dec av1d-master: AV1SHIM r[0][145]=ffde1840
[ 4424.633072] mpp_av1dec av1d-master: AV1SHIM r[0][146]=00000000
[ 4424.633074] mpp_av1dec av1d-master: AV1SHIM r[0][147]=ffde1840
[ 4424.633075] mpp_av1dec av1d-master: AV1SHIM r[0][148]=00000000
[ 4424.633078] mpp_av1dec av1d-master: AV1SHIM r[0][149]=00000000
[ 4424.633079] mpp_av1dec av1d-master: AV1SHIM r[0][150]=00000000
[ 4424.633081] mpp_av1dec av1d-master: AV1SHIM r[0][151]=00000000
[ 4424.633083] mpp_av1dec av1d-master: AV1SHIM r[0][152]=00000000
[ 4424.633085] mpp_av1dec av1d-master: AV1SHIM r[0][153]=00000000
[ 4424.633087] mpp_av1dec av1d-master: AV1SHIM r[0][154]=00000000
[ 4424.633089] mpp_av1dec av1d-master: AV1SHIM r[0][155]=00000000
[ 4424.633091] mpp_av1dec av1d-master: AV1SHIM r[0][156]=00000000
[ 4424.633092] mpp_av1dec av1d-master: AV1SHIM r[0][157]=00000000
[ 4424.633094] mpp_av1dec av1d-master: AV1SHIM r[0][158]=00000000
[ 4424.633096] mpp_av1dec av1d-master: AV1SHIM r[0][159]=00000000
[ 4424.633098] mpp_av1dec av1d-master: AV1SHIM r[0][160]=00000000
[ 4424.633100] mpp_av1dec av1d-master: AV1SHIM r[0][161]=00000000
[ 4424.633102] mpp_av1dec av1d-master: AV1SHIM r[0][162]=00000000
[ 4424.633103] mpp_av1dec av1d-master: AV1SHIM r[0][163]=00000000
[ 4424.633106] mpp_av1dec av1d-master: AV1SHIM r[0][164]=00000000
[ 4424.633107] mpp_av1dec av1d-master: AV1SHIM r[0][165]=00000000
[ 4424.633109] mpp_av1dec av1d-master: AV1SHIM r[0][166]=00000000
[ 4424.633111] mpp_av1dec av1d-master: AV1SHIM r[0][167]=fff6e000
[ 4424.633113] mpp_av1dec av1d-master: AV1SHIM r[0][168]=00000000
[ 4424.633115] mpp_av1dec av1d-master: AV1SHIM r[0][169]=ff7f0010
[ 4424.633117] mpp_av1dec av1d-master: AV1SHIM r[0][170]=00000000
[ 4424.633118] mpp_av1dec av1d-master: AV1SHIM r[0][171]=ffe1c000
[ 4424.633120] mpp_av1dec av1d-master: AV1SHIM r[0][172]=00000000
[ 4424.633122] mpp_av1dec av1d-master: AV1SHIM r[0][173]=ffe18000
[ 4424.633124] mpp_av1dec av1d-master: AV1SHIM r[0][174]=00000000
[ 4424.633126] mpp_av1dec av1d-master: AV1SHIM r[0][175]=fff0f000
[ 4424.633128] mpp_av1dec av1d-master: AV1SHIM r[0][176]=00000000
[ 4424.633130] mpp_av1dec av1d-master: AV1SHIM r[0][177]=fff0f000
[ 4424.633131] mpp_av1dec av1d-master: AV1SHIM r[0][178]=00000000
[ 4424.633134] mpp_av1dec av1d-master: AV1SHIM r[0][179]=fff10000
[ 4424.633135] mpp_av1dec av1d-master: AV1SHIM r[0][180]=00000000
[ 4424.633137] mpp_av1dec av1d-master: AV1SHIM r[0][181]=00000000
[ 4424.633139] mpp_av1dec av1d-master: AV1SHIM r[0][182]=00000000
[ 4424.633141] mpp_av1dec av1d-master: AV1SHIM r[0][183]=fff12d00
[ 4424.633143] mpp_av1dec av1d-master: AV1SHIM r[0][184]=000009fc
[ 4424.633145] mpp_av1dec av1d-master: AV1SHIM r[0][185]=000009fc
[ 4424.633147] mpp_av1dec av1d-master: AV1SHIM r[0][186]=000009fc
[ 4424.633148] mpp_av1dec av1d-master: AV1SHIM r[0][187]=000009fc
[ 4424.633150] mpp_av1dec av1d-master: AV1SHIM r[0][188]=000009fc
[ 4424.633152] mpp_av1dec av1d-master: AV1SHIM r[0][189]=00000000
[ 4424.633154] mpp_av1dec av1d-master: AV1SHIM r[0][190]=00000000
[ 4424.633156] mpp_av1dec av1d-master: AV1SHIM r[0][191]=00000000
[ 4424.633158] mpp_av1dec av1d-master: AV1SHIM r[0][192]=00000000
[ 4424.633159] mpp_av1dec av1d-master: AV1SHIM r[0][193]=00000000
[ 4424.633162] mpp_av1dec av1d-master: AV1SHIM r[0][194]=00000000
[ 4424.633163] mpp_av1dec av1d-master: AV1SHIM r[0][195]=00000000
[ 4424.633165] mpp_av1dec av1d-master: AV1SHIM r[0][196]=00000000
[ 4424.633167] mpp_av1dec av1d-master: AV1SHIM r[0][197]=00000000
[ 4424.633169] mpp_av1dec av1d-master: AV1SHIM r[0][198]=00000000
[ 4424.633171] mpp_av1dec av1d-master: AV1SHIM r[0][199]=00000000
[ 4424.633173] mpp_av1dec av1d-master: AV1SHIM r[0][200]=00000000
[ 4424.633174] mpp_av1dec av1d-master: AV1SHIM r[0][201]=00000000
[ 4424.633176] mpp_av1dec av1d-master: AV1SHIM r[0][202]=00000000
[ 4424.633178] mpp_av1dec av1d-master: AV1SHIM r[0][203]=00000000
[ 4424.633180] mpp_av1dec av1d-master: AV1SHIM r[0][204]=00000000
[ 4424.633182] mpp_av1dec av1d-master: AV1SHIM r[0][205]=00000000
[ 4424.633184] mpp_av1dec av1d-master: AV1SHIM r[0][206]=00000000
[ 4424.633186] mpp_av1dec av1d-master: AV1SHIM r[0][207]=00000000
[ 4424.633187] mpp_av1dec av1d-master: AV1SHIM r[0][208]=00000000
[ 4424.633190] mpp_av1dec av1d-master: AV1SHIM r[0][209]=00000000
[ 4424.633191] mpp_av1dec av1d-master: AV1SHIM r[0][210]=00000000
[ 4424.633193] mpp_av1dec av1d-master: AV1SHIM r[0][211]=00000000
[ 4424.633195] mpp_av1dec av1d-master: AV1SHIM r[0][212]=00000000
[ 4424.633197] mpp_av1dec av1d-master: AV1SHIM r[0][213]=00000000
[ 4424.633199] mpp_av1dec av1d-master: AV1SHIM r[0][214]=00000000
[ 4424.633201] mpp_av1dec av1d-master: AV1SHIM r[0][215]=00000000
[ 4424.633202] mpp_av1dec av1d-master: AV1SHIM r[0][216]=00000000
[ 4424.633204] mpp_av1dec av1d-master: AV1SHIM r[0][217]=00000000
[ 4424.633206] mpp_av1dec av1d-master: AV1SHIM r[0][218]=00000000
[ 4424.633208] mpp_av1dec av1d-master: AV1SHIM r[0][219]=00000000
[ 4424.633210] mpp_av1dec av1d-master: AV1SHIM r[0][220]=00000000
[ 4424.633212] mpp_av1dec av1d-master: AV1SHIM r[0][221]=00000000
[ 4424.633214] mpp_av1dec av1d-master: AV1SHIM r[0][222]=00000000
[ 4424.633215] mpp_av1dec av1d-master: AV1SHIM r[0][223]=00000000
[ 4424.633218] mpp_av1dec av1d-master: AV1SHIM r[0][224]=00000000
[ 4424.633219] mpp_av1dec av1d-master: AV1SHIM r[0][225]=00000000
[ 4424.633221] mpp_av1dec av1d-master: AV1SHIM r[0][226]=00000000
[ 4424.633223] mpp_av1dec av1d-master: AV1SHIM r[0][227]=00000000
[ 4424.633225] mpp_av1dec av1d-master: AV1SHIM r[0][228]=00000000
[ 4424.633227] mpp_av1dec av1d-master: AV1SHIM r[0][229]=00000000
[ 4424.633229] mpp_av1dec av1d-master: AV1SHIM r[0][230]=00000000
[ 4424.633230] mpp_av1dec av1d-master: AV1SHIM r[0][231]=00000000
[ 4424.633232] mpp_av1dec av1d-master: AV1SHIM r[0][232]=00000000
[ 4424.633234] mpp_av1dec av1d-master: AV1SHIM r[0][233]=00000000
[ 4424.633236] mpp_av1dec av1d-master: AV1SHIM r[0][234]=00000000
[ 4424.633238] mpp_av1dec av1d-master: AV1SHIM r[0][235]=00000000
[ 4424.633240] mpp_av1dec av1d-master: AV1SHIM r[0][236]=00000000
[ 4424.633241] mpp_av1dec av1d-master: AV1SHIM r[0][237]=00000000
[ 4424.633243] mpp_av1dec av1d-master: AV1SHIM r[0][238]=00000000
[ 4424.633245] mpp_av1dec av1d-master: AV1SHIM r[0][239]=00000000
[ 4424.633247] mpp_av1dec av1d-master: AV1SHIM r[0][240]=00000000
[ 4424.633249] mpp_av1dec av1d-master: AV1SHIM r[0][241]=00000000
[ 4424.633251] mpp_av1dec av1d-master: AV1SHIM r[0][242]=00000000
[ 4424.633253] mpp_av1dec av1d-master: AV1SHIM r[0][243]=00000000
[ 4424.633255] mpp_av1dec av1d-master: AV1SHIM r[0][244]=00000000
[ 4424.633257] mpp_av1dec av1d-master: AV1SHIM r[0][245]=00000000
[ 4424.633258] mpp_av1dec av1d-master: AV1SHIM r[0][246]=00000000
[ 4424.633260] mpp_av1dec av1d-master: AV1SHIM r[0][247]=00000000
[ 4424.633262] mpp_av1dec av1d-master: AV1SHIM r[0][248]=00000000
[ 4424.633264] mpp_av1dec av1d-master: AV1SHIM r[0][249]=00000000
[ 4424.633266] mpp_av1dec av1d-master: AV1SHIM r[0][250]=00000000
[ 4424.633268] mpp_av1dec av1d-master: AV1SHIM r[0][251]=00000000
[ 4424.633269] mpp_av1dec av1d-master: AV1SHIM r[0][252]=00000000
[ 4424.633271] mpp_av1dec av1d-master: AV1SHIM r[0][253]=00000000
[ 4424.633273] mpp_av1dec av1d-master: AV1SHIM r[0][254]=00000000
[ 4424.633275] mpp_av1dec av1d-master: AV1SHIM r[0][255]=00000000
[ 4424.633277] mpp_av1dec av1d-master: AV1SHIM r[0][256]=00000000
[ 4424.633279] mpp_av1dec av1d-master: AV1SHIM r[0][257]=000009fc
[ 4424.633281] mpp_av1dec av1d-master: AV1SHIM r[0][258]=00000200
[ 4424.633283] mpp_av1dec av1d-master: AV1SHIM r[0][259]=00000000
[ 4424.633284] mpp_av1dec av1d-master: AV1SHIM r[0][260]=00000000
[ 4424.633286] mpp_av1dec av1d-master: AV1SHIM r[0][261]=00000000
[ 4424.633288] mpp_av1dec av1d-master: AV1SHIM r[0][262]=000009fc
[ 4424.633290] mpp_av1dec av1d-master: AV1SHIM r[0][263]=0000000f
[ 4424.633292] mpp_av1dec av1d-master: AV1SHIM r[0][264]=0000000f
[ 4424.633294] mpp_av1dec av1d-master: AV1SHIM r[0][265]=01004000
[ 4424.633296] mpp_av1dec av1d-master: AV1SHIM r[0][266]=00000000
[ 4424.633297] mpp_av1dec av1d-master: AV1SHIM r[0][267]=00000000
[ 4424.633299] mpp_av1dec av1d-master: AV1SHIM r[0][268]=00000000
[ 4424.633301] mpp_av1dec av1d-master: AV1SHIM r[0][269]=00000000
[ 4424.633303] mpp_av1dec av1d-master: AV1SHIM r[0][270]=00000000
[ 4424.633305] mpp_av1dec av1d-master: AV1SHIM r[0][271]=00000000
[ 4424.633307] mpp_av1dec av1d-master: AV1SHIM r[0][272]=00000000
[ 4424.633309] mpp_av1dec av1d-master: AV1SHIM r[0][273]=00000000
[ 4424.633311] mpp_av1dec av1d-master: AV1SHIM r[0][274]=00000000
[ 4424.633312] mpp_av1dec av1d-master: AV1SHIM r[0][275]=00000000
[ 4424.633314] mpp_av1dec av1d-master: AV1SHIM r[0][276]=00000000
[ 4424.633316] mpp_av1dec av1d-master: AV1SHIM r[0][277]=00000000
[ 4424.633318] mpp_av1dec av1d-master: AV1SHIM r[0][278]=00000000
[ 4424.633320] mpp_av1dec av1d-master: AV1SHIM r[0][279]=00000000
[ 4424.633322] mpp_av1dec av1d-master: AV1SHIM r[0][280]=00000000
[ 4424.633323] mpp_av1dec av1d-master: AV1SHIM r[0][281]=00000000
[ 4424.633325] mpp_av1dec av1d-master: AV1SHIM r[0][282]=00000000
[ 4424.633327] mpp_av1dec av1d-master: AV1SHIM r[0][283]=00000000
[ 4424.633329] mpp_av1dec av1d-master: AV1SHIM r[0][284]=00000000
[ 4424.633331] mpp_av1dec av1d-master: AV1SHIM r[0][285]=00000000
[ 4424.633333] mpp_av1dec av1d-master: AV1SHIM r[0][286]=00000000
[ 4424.633335] mpp_av1dec av1d-master: AV1SHIM r[0][287]=00000000
[ 4424.633337] mpp_av1dec av1d-master: AV1SHIM r[0][288]=00000000
[ 4424.633339] mpp_av1dec av1d-master: AV1SHIM r[0][289]=00000000
[ 4424.633340] mpp_av1dec av1d-master: AV1SHIM r[0][290]=00000000
[ 4424.633342] mpp_av1dec av1d-master: AV1SHIM r[0][291]=00000000
[ 4424.633344] mpp_av1dec av1d-master: AV1SHIM r[0][292]=00000000
[ 4424.633346] mpp_av1dec av1d-master: AV1SHIM r[0][293]=00000000
[ 4424.633348] mpp_av1dec av1d-master: AV1SHIM r[0][294]=00000000
[ 4424.633350] mpp_av1dec av1d-master: AV1SHIM r[0][295]=00000000
[ 4424.633351] mpp_av1dec av1d-master: AV1SHIM r[0][296]=00000000
[ 4424.633353] mpp_av1dec av1d-master: AV1SHIM r[0][297]=00000000
[ 4424.633355] mpp_av1dec av1d-master: AV1SHIM r[0][298]=000e000e
[ 4424.633357] mpp_av1dec av1d-master: AV1SHIM r[0][299]=00000000
[ 4424.633359] mpp_av1dec av1d-master: AV1SHIM r[0][300]=00000000
[ 4424.633361] mpp_av1dec av1d-master: AV1SHIM r[0][301]=00000000
[ 4424.633363] mpp_av1dec av1d-master: AV1SHIM r[0][302]=00000000
[ 4424.633365] mpp_av1dec av1d-master: AV1SHIM r[0][303]=00000000
[ 4424.633367] mpp_av1dec av1d-master: AV1SHIM r[0][304]=00000000
[ 4424.633368] mpp_av1dec av1d-master: AV1SHIM r[0][305]=00000000
[ 4424.633370] mpp_av1dec av1d-master: AV1SHIM r[0][306]=00000000
[ 4424.633372] mpp_av1dec av1d-master: AV1SHIM r[0][307]=00000000
[ 4424.633374] mpp_av1dec av1d-master: AV1SHIM r[0][308]=00000000
[ 4424.633376] mpp_av1dec av1d-master: AV1SHIM r[0][309]=00000000
[ 4424.633378] mpp_av1dec av1d-master: AV1SHIM r[0][310]=00000000
[ 4424.633379] mpp_av1dec av1d-master: AV1SHIM r[0][311]=00000000
[ 4424.633381] mpp_av1dec av1d-master: AV1SHIM r[0][312]=00000000
[ 4424.633383] mpp_av1dec av1d-master: AV1SHIM r[0][313]=00000000
[ 4424.633385] mpp_av1dec av1d-master: AV1SHIM r[0][314]=00000040
[ 4424.633387] mpp_av1dec av1d-master: AV1SHIM r[0][315]=00000000
[ 4424.633389] mpp_av1dec av1d-master: AV1SHIM r[0][316]=00000000
[ 4424.633391] mpp_av1dec av1d-master: AV1SHIM r[0][317]=00000000
[ 4424.633393] mpp_av1dec av1d-master: AV1SHIM r[0][318]=8fffffff
[ 4424.633395] mpp_av1dec av1d-master: AV1SHIM r[0][319]=8fffffff
[ 4424.633397] mpp_av1dec av1d-master: AV1SHIM r[0][320]=00000001
[ 4424.633398] mpp_av1dec av1d-master: AV1SHIM r[0][321]=00000000
[ 4424.633400] mpp_av1dec av1d-master: AV1SHIM r[0][322]=000c0000
[ 4424.633402] mpp_av1dec av1d-master: AV1SHIM r[0][323]=00000000
[ 4424.633404] mpp_av1dec av1d-master: AV1SHIM r[0][324]=00000000
[ 4424.633406] mpp_av1dec av1d-master: AV1SHIM r[0][325]=00000000
[ 4424.633408] mpp_av1dec av1d-master: AV1SHIM r[0][326]=ff620000
[ 4424.633410] mpp_av1dec av1d-master: AV1SHIM r[0][327]=00000000
[ 4424.633412] mpp_av1dec av1d-master: AV1SHIM r[0][328]=ff701000
[ 4424.633414] mpp_av1dec av1d-master: AV1SHIM r[0][329]=05000500
[ 4424.633415] mpp_av1dec av1d-master: AV1SHIM r[0][330]=00000000
[ 4424.633417] mpp_av1dec av1d-master: AV1SHIM r[0][331]=02800168
[ 4424.633419] mpp_av1dec av1d-master: AV1SHIM r[0][332]=050002d0
[ 4424.633421] mpp_av1dec av1d-master: AV1SHIM r[0][333]=00000000
[ 4424.633423] mpp_av1dec av1d-master: AV1SHIM r[0][334]=00000000
[ 4424.633425] mpp_av1dec av1d-master: AV1SHIM r[0][335]=00000000
[ 4424.633427] mpp_av1dec av1d-master: AV1SHIM r[0][336]=00000000
[ 4424.633428] mpp_av1dec av1d-master: AV1SHIM r[0][337]=00000000
[ 4424.633430] mpp_av1dec av1d-master: AV1SHIM r[0][338]=00000000
[ 4424.633432] mpp_av1dec av1d-master: AV1SHIM r[0][339]=00000000
[ 4424.633434] mpp_av1dec av1d-master: AV1SHIM r[0][340]=00000000
[ 4424.633436] mpp_av1dec av1d-master: AV1SHIM r[0][341]=00000000
[ 4424.633438] mpp_av1dec av1d-master: AV1SHIM r[0][342]=00000000
[ 4424.633440] mpp_av1dec av1d-master: AV1SHIM r[0][343]=00000000
[ 4424.633442] mpp_av1dec av1d-master: AV1SHIM r[0][344]=00000000
[ 4424.633443] mpp_av1dec av1d-master: AV1SHIM r[0][345]=00000000
[ 4424.633445] mpp_av1dec av1d-master: AV1SHIM r[0][346]=00000000
[ 4424.633447] mpp_av1dec av1d-master: AV1SHIM r[0][347]=00000000
[ 4424.633449] mpp_av1dec av1d-master: AV1SHIM r[0][348]=00000000
[ 4424.633451] mpp_av1dec av1d-master: AV1SHIM r[0][349]=00000000
[ 4424.633453] mpp_av1dec av1d-master: AV1SHIM r[0][350]=00000000
[ 4424.633455] mpp_av1dec av1d-master: AV1SHIM r[0][351]=00000000
[ 4424.633456] mpp_av1dec av1d-master: AV1SHIM r[0][352]=00000000
[ 4424.633458] mpp_av1dec av1d-master: AV1SHIM r[0][353]=00000000
[ 4424.633460] mpp_av1dec av1d-master: AV1SHIM r[0][354]=00000000
[ 4424.633462] mpp_av1dec av1d-master: AV1SHIM r[0][355]=00000000
[ 4424.633464] mpp_av1dec av1d-master: AV1SHIM r[0][356]=00000000
[ 4424.633466] mpp_av1dec av1d-master: AV1SHIM r[0][357]=00000000
[ 4424.633468] mpp_av1dec av1d-master: AV1SHIM r[0][358]=00000000
[ 4424.633470] mpp_av1dec av1d-master: AV1SHIM r[0][359]=00000000
[ 4424.633471] mpp_av1dec av1d-master: AV1SHIM r[0][360]=00000000
[ 4424.633473] mpp_av1dec av1d-master: AV1SHIM r[0][361]=00000000
[ 4424.633475] mpp_av1dec av1d-master: AV1SHIM r[0][362]=00000000
[ 4424.633477] mpp_av1dec av1d-master: AV1SHIM r[0][363]=00000000
[ 4424.633479] mpp_av1dec av1d-master: AV1SHIM r[0][364]=00000000
[ 4424.633481] mpp_av1dec av1d-master: AV1SHIM r[0][365]=00000000
[ 4424.633483] mpp_av1dec av1d-master: AV1SHIM r[0][366]=00000000
[ 4424.633484] mpp_av1dec av1d-master: AV1SHIM r[0][367]=00000000
[ 4424.633486] mpp_av1dec av1d-master: AV1SHIM r[0][368]=00000000
[ 4424.633488] mpp_av1dec av1d-master: AV1SHIM r[0][369]=00000000
[ 4424.633490] mpp_av1dec av1d-master: AV1SHIM r[0][370]=00000000
[ 4424.633492] mpp_av1dec av1d-master: AV1SHIM r[0][371]=00000000
[ 4424.633494] mpp_av1dec av1d-master: AV1SHIM r[0][372]=00000000
[ 4424.633495] mpp_av1dec av1d-master: AV1SHIM r[0][373]=00000000
[ 4424.633498] mpp_av1dec av1d-master: AV1SHIM r[0][374]=00000000
[ 4424.633499] mpp_av1dec av1d-master: AV1SHIM r[0][375]=00000000
[ 4424.633501] mpp_av1dec av1d-master: AV1SHIM r[0][376]=00000000
[ 4424.633503] mpp_av1dec av1d-master: AV1SHIM r[0][377]=00000000
[ 4424.633505] mpp_av1dec av1d-master: AV1SHIM r[0][378]=00000000
[ 4424.633507] mpp_av1dec av1d-master: AV1SHIM r[0][379]=00000000
[ 4424.633509] mpp_av1dec av1d-master: AV1SHIM r[0][380]=00000000
[ 4424.633511] mpp_av1dec av1d-master: AV1SHIM r[0][381]=00000000
[ 4424.633512] mpp_av1dec av1d-master: AV1SHIM r[0][382]=00000000
[ 4424.633514] mpp_av1dec av1d-master: AV1SHIM r[0][383]=00000000
[ 4424.633516] mpp_av1dec av1d-master: AV1SHIM r[0][384]=00000000
[ 4424.633518] mpp_av1dec av1d-master: AV1SHIM r[0][385]=00000000
[ 4424.633520] mpp_av1dec av1d-master: AV1SHIM r[0][386]=00000000
[ 4424.633522] mpp_av1dec av1d-master: AV1SHIM r[0][387]=00000000
[ 4424.633523] mpp_av1dec av1d-master: AV1SHIM r[0][388]=00000000
[ 4424.633526] mpp_av1dec av1d-master: AV1SHIM r[0][389]=00000000
[ 4424.633527] mpp_av1dec av1d-master: AV1SHIM r[0][390]=00000000
[ 4424.633529] mpp_av1dec av1d-master: AV1SHIM r[0][391]=00000000
[ 4424.633531] mpp_av1dec av1d-master: AV1SHIM r[0][392]=00000000
[ 4424.633533] mpp_av1dec av1d-master: AV1SHIM r[0][393]=00000000
[ 4424.633535] mpp_av1dec av1d-master: AV1SHIM r[0][394]=01010000
[ 4424.633537] mpp_av1dec av1d-master: AV1SHIM r[0][395]=00000000
[ 4424.633538] mpp_av1dec av1d-master: AV1SHIM r[0][396]=00000000
[ 4424.633540] mpp_av1dec av1d-master: AV1SHIM r[0][397]=00000000
[ 4424.633542] mpp_av1dec av1d-master: AV1SHIM r[0][398]=00000000
[ 4424.633544] mpp_av1dec av1d-master: AV1SHIM r[0][399]=00000000
[ 4424.633546] mpp_av1dec av1d-master: AV1SHIM r[0][400]=00000000
[ 4424.633548] mpp_av1dec av1d-master: AV1SHIM r[0][401]=00000000
[ 4424.633550] mpp_av1dec av1d-master: AV1SHIM r[0][402]=00000000
[ 4424.633552] mpp_av1dec av1d-master: AV1SHIM r[0][403]=00000000
[ 4424.633554] mpp_av1dec av1d-master: AV1SHIM r[0][404]=00000000
[ 4424.633555] mpp_av1dec av1d-master: AV1SHIM r[0][405]=00000000
[ 4424.633557] mpp_av1dec av1d-master: AV1SHIM r[0][406]=00000000
[ 4424.633559] mpp_av1dec av1d-master: AV1SHIM r[0][407]=00000000
[ 4424.633561] mpp_av1dec av1d-master: AV1SHIM r[0][408]=00000000
[ 4424.633563] mpp_av1dec av1d-master: AV1SHIM r[0][409]=00000000
[ 4424.633565] mpp_av1dec av1d-master: AV1SHIM r[0][410]=00000000
[ 4424.633567] mpp_av1dec av1d-master: AV1SHIM r[0][411]=00000000
[ 4424.633568] mpp_av1dec av1d-master: AV1SHIM r[0][412]=00000000
[ 4424.633570] mpp_av1dec av1d-master: AV1SHIM r[0][413]=00000000
[ 4424.633572] mpp_av1dec av1d-master: AV1SHIM r[0][414]=00000000
[ 4424.633574] mpp_av1dec av1d-master: AV1SHIM r[0][415]=00000000
[ 4424.633576] mpp_av1dec av1d-master: AV1SHIM r[0][416]=00000000
[ 4424.633578] mpp_av1dec av1d-master: AV1SHIM r[0][417]=00000000
[ 4424.633579] mpp_av1dec av1d-master: AV1SHIM r[0][418]=00000000
[ 4424.633582] mpp_av1dec av1d-master: AV1SHIM r[0][419]=00000000
[ 4424.633583] mpp_av1dec av1d-master: AV1SHIM r[0][420]=00000000
[ 4424.633592] mpp_av1dec av1d-master: AV1SHIM r[0][421]=00000000
[ 4424.633596] mpp_av1dec av1d-master: AV1SHIM r[0][422]=00000000
[ 4424.633599] mpp_av1dec av1d-master: AV1SHIM r[0][423]=00000000
[ 4424.633603] mpp_av1dec av1d-master: AV1SHIM r[0][424]=00000000
[ 4424.633607] mpp_av1dec av1d-master: AV1SHIM r[0][425]=00000000
[ 4424.633611] mpp_av1dec av1d-master: AV1SHIM r[0][426]=00000000
[ 4424.633615] mpp_av1dec av1d-master: AV1SHIM r[0][427]=00000000
[ 4424.633619] mpp_av1dec av1d-master: AV1SHIM r[0][428]=00000000
[ 4424.633623] mpp_av1dec av1d-master: AV1SHIM r[0][429]=00000000
[ 4424.633626] mpp_av1dec av1d-master: AV1SHIM r[0][430]=00000000
[ 4424.633630] mpp_av1dec av1d-master: AV1SHIM r[0][431]=00000000
[ 4424.633634] mpp_av1dec av1d-master: AV1SHIM r[0][432]=00000000
[ 4424.633638] mpp_av1dec av1d-master: AV1SHIM r[0][433]=00000000
[ 4424.633642] mpp_av1dec av1d-master: AV1SHIM r[0][434]=00000000
[ 4424.633645] mpp_av1dec av1d-master: AV1SHIM r[0][435]=00000000
[ 4424.633649] mpp_av1dec av1d-master: AV1SHIM r[0][436]=00000000
[ 4424.633653] mpp_av1dec av1d-master: AV1SHIM r[0][437]=00000000
[ 4424.633656] mpp_av1dec av1d-master: AV1SHIM r[0][438]=00000000
[ 4424.633660] mpp_av1dec av1d-master: AV1SHIM r[0][439]=00000000
[ 4424.633664] mpp_av1dec av1d-master: AV1SHIM r[0][440]=00000000
[ 4424.633668] mpp_av1dec av1d-master: AV1SHIM r[0][441]=00000000
[ 4424.633672] mpp_av1dec av1d-master: AV1SHIM r[0][442]=00000000
[ 4424.633675] mpp_av1dec av1d-master: AV1SHIM r[0][443]=00000000
[ 4424.633679] mpp_av1dec av1d-master: AV1SHIM r[0][444]=00000000
[ 4424.633683] mpp_av1dec av1d-master: AV1SHIM r[0][445]=00000000
[ 4424.633687] mpp_av1dec av1d-master: AV1SHIM r[0][446]=00000000
[ 4424.633691] mpp_av1dec av1d-master: AV1SHIM r[0][447]=00000000
[ 4424.633695] mpp_av1dec av1d-master: AV1SHIM r[0][448]=00000000
[ 4424.633698] mpp_av1dec av1d-master: AV1SHIM r[0][449]=00000000
[ 4424.633702] mpp_av1dec av1d-master: AV1SHIM r[0][450]=00000000
[ 4424.633706] mpp_av1dec av1d-master: AV1SHIM r[0][451]=00000000
[ 4424.633710] mpp_av1dec av1d-master: AV1SHIM r[0][452]=00000000
[ 4424.633714] mpp_av1dec av1d-master: AV1SHIM r[0][453]=00000000
[ 4424.633717] mpp_av1dec av1d-master: AV1SHIM r[0][454]=00000000
[ 4424.633721] mpp_av1dec av1d-master: AV1SHIM r[0][455]=00000000
[ 4424.633725] mpp_av1dec av1d-master: AV1SHIM r[0][456]=00000000
[ 4424.633729] mpp_av1dec av1d-master: AV1SHIM r[0][457]=00000000
[ 4424.633733] mpp_av1dec av1d-master: AV1SHIM r[0][458]=00000000
[ 4424.633736] mpp_av1dec av1d-master: AV1SHIM r[0][459]=00000000
[ 4424.633740] mpp_av1dec av1d-master: AV1SHIM r[0][460]=00000000
[ 4424.633742] mpp_av1dec av1d-master: AV1SHIM r[0][461]=00000000
[ 4424.633744] mpp_av1dec av1d-master: AV1SHIM r[0][462]=00000000
[ 4424.633746] mpp_av1dec av1d-master: AV1SHIM r[0][463]=00000000
[ 4424.633747] mpp_av1dec av1d-master: AV1SHIM r[0][464]=00000000
[ 4424.633750] mpp_av1dec av1d-master: AV1SHIM r[0][465]=00000000
[ 4424.633751] mpp_av1dec av1d-master: AV1SHIM r[0][466]=00000000
[ 4424.633753] mpp_av1dec av1d-master: AV1SHIM r[0][467]=00000000
[ 4424.633755] mpp_av1dec av1d-master: AV1SHIM r[0][468]=00000000
[ 4424.633757] mpp_av1dec av1d-master: AV1SHIM r[0][469]=00000000
[ 4424.633759] mpp_av1dec av1d-master: AV1SHIM r[0][470]=00000000
[ 4424.633761] mpp_av1dec av1d-master: AV1SHIM r[0][471]=00000000
[ 4424.633763] mpp_av1dec av1d-master: AV1SHIM r[0][472]=00000000
[ 4424.633764] mpp_av1dec av1d-master: AV1SHIM r[0][473]=00000000
[ 4424.633766] mpp_av1dec av1d-master: AV1SHIM r[0][474]=00000000
[ 4424.633768] mpp_av1dec av1d-master: AV1SHIM r[0][475]=00000000
[ 4424.633770] mpp_av1dec av1d-master: AV1SHIM r[0][476]=00000000
[ 4424.633772] mpp_av1dec av1d-master: AV1SHIM r[0][477]=00000000
[ 4424.633774] mpp_av1dec av1d-master: AV1SHIM r[0][478]=00000000
[ 4424.633775] mpp_av1dec av1d-master: AV1SHIM r[0][479]=00000000
[ 4424.633778] mpp_av1dec av1d-master: AV1SHIM r[0][480]=00000000
[ 4424.633779] mpp_av1dec av1d-master: AV1SHIM r[0][481]=00000000
[ 4424.633781] mpp_av1dec av1d-master: AV1SHIM r[0][482]=00000000
[ 4424.633783] mpp_av1dec av1d-master: AV1SHIM r[0][483]=00000000
[ 4424.633785] mpp_av1dec av1d-master: AV1SHIM r[0][484]=00000000
[ 4424.633787] mpp_av1dec av1d-master: AV1SHIM r[0][485]=00000000
[ 4424.633789] mpp_av1dec av1d-master: AV1SHIM r[0][486]=00000000
[ 4424.633790] mpp_av1dec av1d-master: AV1SHIM r[0][487]=00000000
[ 4424.633792] mpp_av1dec av1d-master: AV1SHIM r[0][488]=00000000
[ 4424.633794] mpp_av1dec av1d-master: AV1SHIM r[0][489]=00000000
[ 4424.633796] mpp_av1dec av1d-master: AV1SHIM r[0][490]=00000000
[ 4424.633798] mpp_av1dec av1d-master: AV1SHIM r[0][491]=00000000
[ 4424.633800] mpp_av1dec av1d-master: AV1SHIM r[0][492]=00000000
[ 4424.633802] mpp_av1dec av1d-master: AV1SHIM r[0][493]=00000000
[ 4424.633803] mpp_av1dec av1d-master: AV1SHIM r[0][494]=00000000
[ 4424.633806] mpp_av1dec av1d-master: AV1SHIM r[0][495]=00000000
[ 4424.633807] mpp_av1dec av1d-master: AV1SHIM r[0][496]=00000000
[ 4424.633809] mpp_av1dec av1d-master: AV1SHIM r[0][497]=00000000
[ 4424.633811] mpp_av1dec av1d-master: AV1SHIM r[0][498]=00000000
[ 4424.633813] mpp_av1dec av1d-master: AV1SHIM r[0][499]=00000000
[ 4424.633815] mpp_av1dec av1d-master: AV1SHIM r[0][500]=00000000
[ 4424.633817] mpp_av1dec av1d-master: AV1SHIM r[0][501]=00000000
[ 4424.633818] mpp_av1dec av1d-master: AV1SHIM r[0][502]=00000000
[ 4424.633820] mpp_av1dec av1d-master: AV1SHIM r[0][503]=00000000
[ 4424.633822] mpp_av1dec av1d-master: AV1SHIM r[0][504]=00000000
[ 4424.633824] mpp_av1dec av1d-master: AV1SHIM r[0][505]=00000000
[ 4424.633826] mpp_av1dec av1d-master: AV1SHIM r[0][506]=00000000
[ 4424.633828] mpp_av1dec av1d-master: AV1SHIM r[0][507]=00000000
[ 4424.633830] mpp_av1dec av1d-master: AV1SHIM r[0][508]=00000000
[ 4424.633832] mpp_av1dec av1d-master: AV1SHIM r[0][509]=00000000
[ 4424.633834] mpp_av1dec av1d-master: AV1SHIM r[0][510]=00000000
[ 4424.633836] mpp_av1dec av1d-master: AV1SHIM r[0][511]=00000000
[ 4424.633837] mpp_av1dec av1d-master: AV1SHIM class=1 count=166
[ 4424.633839] mpp_av1dec av1d-master: AV1SHIM r[1][000]=00000000
[ 4424.633841] mpp_av1dec av1d-master: AV1SHIM r[1][001]=00000000
[ 4424.633847] mpp_av1dec av1d-master: AV1SHIM r[1][002]=00000000
[ 4424.633850] mpp_av1dec av1d-master: AV1SHIM r[1][003]=00000000
[ 4424.633853] mpp_av1dec av1d-master: AV1SHIM r[1][004]=00000000
[ 4424.633857] mpp_av1dec av1d-master: AV1SHIM r[1][005]=00000000
[ 4424.633860] mpp_av1dec av1d-master: AV1SHIM r[1][006]=00000000
[ 4424.633863] mpp_av1dec av1d-master: AV1SHIM r[1][007]=00000000
[ 4424.633866] mpp_av1dec av1d-master: AV1SHIM r[1][008]=00000000
[ 4424.633869] mpp_av1dec av1d-master: AV1SHIM r[1][009]=00000000
[ 4424.633872] mpp_av1dec av1d-master: AV1SHIM r[1][010]=00000000
[ 4424.633876] mpp_av1dec av1d-master: AV1SHIM r[1][011]=00000000
[ 4424.633879] mpp_av1dec av1d-master: AV1SHIM r[1][012]=00000000
[ 4424.633882] mpp_av1dec av1d-master: AV1SHIM r[1][013]=00000000
[ 4424.633885] mpp_av1dec av1d-master: AV1SHIM r[1][014]=00000000
[ 4424.633888] mpp_av1dec av1d-master: AV1SHIM r[1][015]=00000000
[ 4424.633891] mpp_av1dec av1d-master: AV1SHIM r[1][016]=00000000
[ 4424.633894] mpp_av1dec av1d-master: AV1SHIM r[1][017]=00000000
[ 4424.633898] mpp_av1dec av1d-master: AV1SHIM r[1][018]=00000000
[ 4424.633901] mpp_av1dec av1d-master: AV1SHIM r[1][019]=00000000
[ 4424.633904] mpp_av1dec av1d-master: AV1SHIM r[1][020]=00000000
[ 4424.633907] mpp_av1dec av1d-master: AV1SHIM r[1][021]=00000000
[ 4424.633910] mpp_av1dec av1d-master: AV1SHIM r[1][022]=00000000
[ 4424.633913] mpp_av1dec av1d-master: AV1SHIM r[1][023]=00000000
[ 4424.633916] mpp_av1dec av1d-master: AV1SHIM r[1][024]=00000000
[ 4424.633920] mpp_av1dec av1d-master: AV1SHIM r[1][025]=00000000
[ 4424.633922] mpp_av1dec av1d-master: AV1SHIM r[1][026]=00000000
[ 4424.633926] mpp_av1dec av1d-master: AV1SHIM r[1][027]=00000000
[ 4424.633929] mpp_av1dec av1d-master: AV1SHIM r[1][028]=00000000
[ 4424.633932] mpp_av1dec av1d-master: AV1SHIM r[1][029]=00000000
[ 4424.633935] mpp_av1dec av1d-master: AV1SHIM r[1][030]=00000000
[ 4424.633938] mpp_av1dec av1d-master: AV1SHIM r[1][031]=00000000
[ 4424.633941] mpp_av1dec av1d-master: AV1SHIM r[1][032]=00000000
[ 4424.633944] mpp_av1dec av1d-master: AV1SHIM r[1][033]=00000000
[ 4424.633948] mpp_av1dec av1d-master: AV1SHIM r[1][034]=00000000
[ 4424.633951] mpp_av1dec av1d-master: AV1SHIM r[1][035]=00000000
[ 4424.633954] mpp_av1dec av1d-master: AV1SHIM r[1][036]=00000000
[ 4424.633957] mpp_av1dec av1d-master: AV1SHIM r[1][037]=00000000
[ 4424.633960] mpp_av1dec av1d-master: AV1SHIM r[1][038]=00000000
[ 4424.633963] mpp_av1dec av1d-master: AV1SHIM r[1][039]=00000000
[ 4424.633966] mpp_av1dec av1d-master: AV1SHIM r[1][040]=00000000
[ 4424.633969] mpp_av1dec av1d-master: AV1SHIM r[1][041]=00000000
[ 4424.633970] mpp_av1dec av1d-master: AV1SHIM r[1][042]=00000000
[ 4424.633971] mpp_av1dec av1d-master: AV1SHIM r[1][043]=00000000
[ 4424.633973] mpp_av1dec av1d-master: AV1SHIM r[1][044]=00000000
[ 4424.633974] mpp_av1dec av1d-master: AV1SHIM r[1][045]=00000000
[ 4424.633976] mpp_av1dec av1d-master: AV1SHIM r[1][046]=00000000
[ 4424.633977] mpp_av1dec av1d-master: AV1SHIM r[1][047]=00000000
[ 4424.633979] mpp_av1dec av1d-master: AV1SHIM r[1][048]=00000000
[ 4424.633980] mpp_av1dec av1d-master: AV1SHIM r[1][049]=00000000
[ 4424.633982] mpp_av1dec av1d-master: AV1SHIM r[1][050]=00000000
[ 4424.633983] mpp_av1dec av1d-master: AV1SHIM r[1][051]=00000000
[ 4424.633985] mpp_av1dec av1d-master: AV1SHIM r[1][052]=00000000
[ 4424.633986] mpp_av1dec av1d-master: AV1SHIM r[1][053]=00000000
[ 4424.633988] mpp_av1dec av1d-master: AV1SHIM r[1][054]=00000000
[ 4424.633989] mpp_av1dec av1d-master: AV1SHIM r[1][055]=00000000
[ 4424.633990] mpp_av1dec av1d-master: AV1SHIM r[1][056]=00000000
[ 4424.633992] mpp_av1dec av1d-master: AV1SHIM r[1][057]=00000000
[ 4424.633993] mpp_av1dec av1d-master: AV1SHIM r[1][058]=00000000
[ 4424.633995] mpp_av1dec av1d-master: AV1SHIM r[1][059]=00000000
[ 4424.633996] mpp_av1dec av1d-master: AV1SHIM r[1][060]=00000000
[ 4424.633998] mpp_av1dec av1d-master: AV1SHIM r[1][061]=00000000
[ 4424.633999] mpp_av1dec av1d-master: AV1SHIM r[1][062]=00000000
[ 4424.634001] mpp_av1dec av1d-master: AV1SHIM r[1][063]=00000000
[ 4424.634002] mpp_av1dec av1d-master: AV1SHIM r[1][064]=00000000
[ 4424.634004] mpp_av1dec av1d-master: AV1SHIM r[1][065]=00000000
[ 4424.634005] mpp_av1dec av1d-master: AV1SHIM r[1][066]=00000000
[ 4424.634006] mpp_av1dec av1d-master: AV1SHIM r[1][067]=00000000
[ 4424.634008] mpp_av1dec av1d-master: AV1SHIM r[1][068]=00000000
[ 4424.634009] mpp_av1dec av1d-master: AV1SHIM r[1][069]=00000000
[ 4424.634011] mpp_av1dec av1d-master: AV1SHIM r[1][070]=00000000
[ 4424.634012] mpp_av1dec av1d-master: AV1SHIM r[1][071]=00000000
[ 4424.634013] mpp_av1dec av1d-master: AV1SHIM r[1][072]=00000000
[ 4424.634021] mpp_av1dec av1d-master: AV1SHIM r[1][073]=00000000
[ 4424.634022] mpp_av1dec av1d-master: AV1SHIM r[1][074]=00000000
[ 4424.634027] mpp_av1dec av1d-master: AV1SHIM r[1][075]=00000000
[ 4424.634029] mpp_av1dec av1d-master: AV1SHIM r[1][076]=00000000
[ 4424.634031] mpp_av1dec av1d-master: AV1SHIM r[1][077]=00000000
[ 4424.634032] mpp_av1dec av1d-master: AV1SHIM r[1][078]=00000000
[ 4424.634034] mpp_av1dec av1d-master: AV1SHIM r[1][079]=00000000
[ 4424.634036] mpp_av1dec av1d-master: AV1SHIM r[1][080]=00000000
[ 4424.634038] mpp_av1dec av1d-master: AV1SHIM r[1][081]=00000000
[ 4424.634040] mpp_av1dec av1d-master: AV1SHIM r[1][082]=00000000
[ 4424.634042] mpp_av1dec av1d-master: AV1SHIM r[1][083]=00000000
[ 4424.634044] mpp_av1dec av1d-master: AV1SHIM r[1][084]=00000000
[ 4424.634046] mpp_av1dec av1d-master: AV1SHIM r[1][085]=00000000
[ 4424.634048] mpp_av1dec av1d-master: AV1SHIM r[1][086]=00000000
[ 4424.634050] mpp_av1dec av1d-master: AV1SHIM r[1][087]=00000000
[ 4424.634051] mpp_av1dec av1d-master: AV1SHIM r[1][088]=00000000
[ 4424.634053] mpp_av1dec av1d-master: AV1SHIM r[1][089]=00000000
[ 4424.634055] mpp_av1dec av1d-master: AV1SHIM r[1][090]=00000000
[ 4424.634057] mpp_av1dec av1d-master: AV1SHIM r[1][091]=00000000
[ 4424.634059] mpp_av1dec av1d-master: AV1SHIM r[1][092]=00000000
[ 4424.634061] mpp_av1dec av1d-master: AV1SHIM r[1][093]=00000000
[ 4424.634063] mpp_av1dec av1d-master: AV1SHIM r[1][094]=00000000
[ 4424.634065] mpp_av1dec av1d-master: AV1SHIM r[1][095]=00000000
[ 4424.634067] mpp_av1dec av1d-master: AV1SHIM r[1][096]=00000000
[ 4424.634069] mpp_av1dec av1d-master: AV1SHIM r[1][097]=00000000
[ 4424.634070] mpp_av1dec av1d-master: AV1SHIM r[1][098]=00000000
[ 4424.634072] mpp_av1dec av1d-master: AV1SHIM r[1][099]=00000000
[ 4424.634074] mpp_av1dec av1d-master: AV1SHIM r[1][100]=00000000
[ 4424.634076] mpp_av1dec av1d-master: AV1SHIM r[1][101]=00000000
[ 4424.634078] mpp_av1dec av1d-master: AV1SHIM r[1][102]=00000000
[ 4424.634080] mpp_av1dec av1d-master: AV1SHIM r[1][103]=00000000
[ 4424.634082] mpp_av1dec av1d-master: AV1SHIM r[1][104]=00000000
[ 4424.634086] mpp_av1dec av1d-master: AV1SHIM r[1][105]=00000000
[ 4424.634089] mpp_av1dec av1d-master: AV1SHIM r[1][106]=00000000
[ 4424.634093] mpp_av1dec av1d-master: AV1SHIM r[1][107]=00000000
[ 4424.634097] mpp_av1dec av1d-master: AV1SHIM r[1][108]=00000000
[ 4424.634100] mpp_av1dec av1d-master: AV1SHIM r[1][109]=00000000
[ 4424.634104] mpp_av1dec av1d-master: AV1SHIM r[1][110]=00000000
[ 4424.634108] mpp_av1dec av1d-master: AV1SHIM r[1][111]=00000000
[ 4424.634111] mpp_av1dec av1d-master: AV1SHIM r[1][112]=00000000
[ 4424.634115] mpp_av1dec av1d-master: AV1SHIM r[1][113]=00000000
[ 4424.634119] mpp_av1dec av1d-master: AV1SHIM r[1][114]=00000000
[ 4424.634123] mpp_av1dec av1d-master: AV1SHIM r[1][115]=00000000
[ 4424.634127] mpp_av1dec av1d-master: AV1SHIM r[1][116]=00000000
[ 4424.634130] mpp_av1dec av1d-master: AV1SHIM r[1][117]=00000000
[ 4424.634134] mpp_av1dec av1d-master: AV1SHIM r[1][118]=00000000
[ 4424.634138] mpp_av1dec av1d-master: AV1SHIM r[1][119]=00000000
[ 4424.634142] mpp_av1dec av1d-master: AV1SHIM r[1][120]=00000000
[ 4424.634146] mpp_av1dec av1d-master: AV1SHIM r[1][121]=00000000
[ 4424.634150] mpp_av1dec av1d-master: AV1SHIM r[1][122]=00000000
[ 4424.634153] mpp_av1dec av1d-master: AV1SHIM r[1][123]=00000000
[ 4424.634157] mpp_av1dec av1d-master: AV1SHIM r[1][124]=00000000
[ 4424.634161] mpp_av1dec av1d-master: AV1SHIM r[1][125]=00000000
[ 4424.634165] mpp_av1dec av1d-master: AV1SHIM r[1][126]=00000000
[ 4424.634168] mpp_av1dec av1d-master: AV1SHIM r[1][127]=00000000
[ 4424.634172] mpp_av1dec av1d-master: AV1SHIM r[1][128]=00000000
[ 4424.634176] mpp_av1dec av1d-master: AV1SHIM r[1][129]=00000000
[ 4424.634180] mpp_av1dec av1d-master: AV1SHIM r[1][130]=00000000
[ 4424.634184] mpp_av1dec av1d-master: AV1SHIM r[1][131]=00000000
[ 4424.634187] mpp_av1dec av1d-master: AV1SHIM r[1][132]=00000000
[ 4424.634191] mpp_av1dec av1d-master: AV1SHIM r[1][133]=00000000
[ 4424.634195] mpp_av1dec av1d-master: AV1SHIM r[1][134]=00000000
[ 4424.634199] mpp_av1dec av1d-master: AV1SHIM r[1][135]=00000000
[ 4424.634202] mpp_av1dec av1d-master: AV1SHIM r[1][136]=00000000
[ 4424.634207] mpp_av1dec av1d-master: AV1SHIM r[1][137]=00000000
[ 4424.634210] mpp_av1dec av1d-master: AV1SHIM r[1][138]=00000000
[ 4424.634214] mpp_av1dec av1d-master: AV1SHIM r[1][139]=00000000
[ 4424.634218] mpp_av1dec av1d-master: AV1SHIM r[1][140]=00000000
[ 4424.634222] mpp_av1dec av1d-master: AV1SHIM r[1][141]=00000000
[ 4424.634226] mpp_av1dec av1d-master: AV1SHIM r[1][142]=00000000
[ 4424.634229] mpp_av1dec av1d-master: AV1SHIM r[1][143]=00000000
[ 4424.634233] mpp_av1dec av1d-master: AV1SHIM r[1][144]=00000000
[ 4424.634235] mpp_av1dec av1d-master: AV1SHIM r[1][145]=00000000
[ 4424.634237] mpp_av1dec av1d-master: AV1SHIM r[1][146]=00000000
[ 4424.634239] mpp_av1dec av1d-master: AV1SHIM r[1][147]=00000000
[ 4424.634241] mpp_av1dec av1d-master: AV1SHIM r[1][148]=00000000
[ 4424.634242] mpp_av1dec av1d-master: AV1SHIM r[1][149]=00000000
[ 4424.634244] mpp_av1dec av1d-master: AV1SHIM r[1][150]=00000000
[ 4424.634246] mpp_av1dec av1d-master: AV1SHIM r[1][151]=00000000
[ 4424.634248] mpp_av1dec av1d-master: AV1SHIM r[1][152]=00000000
[ 4424.634250] mpp_av1dec av1d-master: AV1SHIM r[1][153]=00000000
[ 4424.634252] mpp_av1dec av1d-master: AV1SHIM r[1][154]=00000000
[ 4424.634254] mpp_av1dec av1d-master: AV1SHIM r[1][155]=00000000
[ 4424.634256] mpp_av1dec av1d-master: AV1SHIM r[1][156]=00000000
[ 4424.634258] mpp_av1dec av1d-master: AV1SHIM r[1][157]=00000000
[ 4424.634259] mpp_av1dec av1d-master: AV1SHIM r[1][158]=00000000
[ 4424.634261] mpp_av1dec av1d-master: AV1SHIM r[1][159]=00000000
[ 4424.634263] mpp_av1dec av1d-master: AV1SHIM r[1][160]=00000000
[ 4424.634265] mpp_av1dec av1d-master: AV1SHIM r[1][161]=00000000
[ 4424.634267] mpp_av1dec av1d-master: AV1SHIM r[1][162]=00000000
[ 4424.634269] mpp_av1dec av1d-master: AV1SHIM r[1][163]=00000000
[ 4424.634271] mpp_av1dec av1d-master: AV1SHIM r[1][164]=00000000
[ 4424.634272] mpp_av1dec av1d-master: AV1SHIM r[1][165]=00000000
[ 4424.634275] mpp_av1dec av1d-master: AV1SHIM class=2 count=212
[ 4424.634276] mpp_av1dec av1d-master: AV1SHIM r[2][000]=00000000
[ 4424.634278] mpp_av1dec av1d-master: AV1SHIM r[2][001]=00000000
[ 4424.634280] mpp_av1dec av1d-master: AV1SHIM r[2][002]=00000000
[ 4424.634282] mpp_av1dec av1d-master: AV1SHIM r[2][003]=00000000
[ 4424.634284] mpp_av1dec av1d-master: AV1SHIM r[2][004]=00000000
[ 4424.634286] mpp_av1dec av1d-master: AV1SHIM r[2][005]=00000000
[ 4424.634288] mpp_av1dec av1d-master: AV1SHIM r[2][006]=00000000
[ 4424.634290] mpp_av1dec av1d-master: AV1SHIM r[2][007]=00000000
[ 4424.634291] mpp_av1dec av1d-master: AV1SHIM r[2][008]=00000000
[ 4424.634293] mpp_av1dec av1d-master: AV1SHIM r[2][009]=00000000
[ 4424.634295] mpp_av1dec av1d-master: AV1SHIM r[2][010]=00000000
[ 4424.634297] mpp_av1dec av1d-master: AV1SHIM r[2][011]=00000000
[ 4424.634299] mpp_av1dec av1d-master: AV1SHIM r[2][012]=00000000
[ 4424.634301] mpp_av1dec av1d-master: AV1SHIM r[2][013]=00000000
[ 4424.634303] mpp_av1dec av1d-master: AV1SHIM r[2][014]=00000000
[ 4424.634305] mpp_av1dec av1d-master: AV1SHIM r[2][015]=00000000
[ 4424.634307] mpp_av1dec av1d-master: AV1SHIM r[2][016]=00000000
[ 4424.634308] mpp_av1dec av1d-master: AV1SHIM r[2][017]=00000000
[ 4424.634310] mpp_av1dec av1d-master: AV1SHIM r[2][018]=00000000
[ 4424.634312] mpp_av1dec av1d-master: AV1SHIM r[2][019]=00000000
[ 4424.634314] mpp_av1dec av1d-master: AV1SHIM r[2][020]=00000000
[ 4424.634316] mpp_av1dec av1d-master: AV1SHIM r[2][021]=00000000
[ 4424.634318] mpp_av1dec av1d-master: AV1SHIM r[2][022]=00000000
[ 4424.634320] mpp_av1dec av1d-master: AV1SHIM r[2][023]=00000000
[ 4424.634321] mpp_av1dec av1d-master: AV1SHIM r[2][024]=00000000
[ 4424.634324] mpp_av1dec av1d-master: AV1SHIM r[2][025]=00000000
[ 4424.634325] mpp_av1dec av1d-master: AV1SHIM r[2][026]=00000000
[ 4424.634327] mpp_av1dec av1d-master: AV1SHIM r[2][027]=00000000
[ 4424.634329] mpp_av1dec av1d-master: AV1SHIM r[2][028]=00000000
[ 4424.634331] mpp_av1dec av1d-master: AV1SHIM r[2][029]=00000000
[ 4424.634333] mpp_av1dec av1d-master: AV1SHIM r[2][030]=00000000
[ 4424.634336] mpp_av1dec av1d-master: AV1SHIM r[2][031]=00000000
[ 4424.634340] mpp_av1dec av1d-master: AV1SHIM r[2][032]=00000000
[ 4424.634344] mpp_av1dec av1d-master: AV1SHIM r[2][033]=00000000
[ 4424.634348] mpp_av1dec av1d-master: AV1SHIM r[2][034]=00000000
[ 4424.634352] mpp_av1dec av1d-master: AV1SHIM r[2][035]=00000000
[ 4424.634356] mpp_av1dec av1d-master: AV1SHIM r[2][036]=00000000
[ 4424.634360] mpp_av1dec av1d-master: AV1SHIM r[2][037]=00000000
[ 4424.634364] mpp_av1dec av1d-master: AV1SHIM r[2][038]=00000000
[ 4424.634368] mpp_av1dec av1d-master: AV1SHIM r[2][039]=00000000
[ 4424.634371] mpp_av1dec av1d-master: AV1SHIM r[2][040]=00000000
[ 4424.634375] mpp_av1dec av1d-master: AV1SHIM r[2][041]=00000000
[ 4424.634379] mpp_av1dec av1d-master: AV1SHIM r[2][042]=00000000
[ 4424.634383] mpp_av1dec av1d-master: AV1SHIM r[2][043]=00000000
[ 4424.634387] mpp_av1dec av1d-master: AV1SHIM r[2][044]=00000000
[ 4424.634391] mpp_av1dec av1d-master: AV1SHIM r[2][045]=00000000
[ 4424.634395] mpp_av1dec av1d-master: AV1SHIM r[2][046]=00000000
[ 4424.634399] mpp_av1dec av1d-master: AV1SHIM r[2][047]=00000000
[ 4424.634403] mpp_av1dec av1d-master: AV1SHIM r[2][048]=00000000
[ 4424.634407] mpp_av1dec av1d-master: AV1SHIM r[2][049]=00000000
[ 4424.634411] mpp_av1dec av1d-master: AV1SHIM r[2][050]=00000000
[ 4424.634415] mpp_av1dec av1d-master: AV1SHIM r[2][051]=00000000
[ 4424.634419] mpp_av1dec av1d-master: AV1SHIM r[2][052]=00000000
[ 4424.634423] mpp_av1dec av1d-master: AV1SHIM r[2][053]=00000000
[ 4424.634426] mpp_av1dec av1d-master: AV1SHIM r[2][054]=00000000
[ 4424.634430] mpp_av1dec av1d-master: AV1SHIM r[2][055]=00000000
[ 4424.634433] mpp_av1dec av1d-master: AV1SHIM r[2][056]=00000000
[ 4424.634437] mpp_av1dec av1d-master: AV1SHIM r[2][057]=00000000
[ 4424.634441] mpp_av1dec av1d-master: AV1SHIM r[2][058]=00000000
[ 4424.634445] mpp_av1dec av1d-master: AV1SHIM r[2][059]=00000000
[ 4424.634449] mpp_av1dec av1d-master: AV1SHIM r[2][060]=00000000
[ 4424.634452] mpp_av1dec av1d-master: AV1SHIM r[2][061]=00000000
[ 4424.634456] mpp_av1dec av1d-master: AV1SHIM r[2][062]=00000000
[ 4424.634460] mpp_av1dec av1d-master: AV1SHIM r[2][063]=00000000
[ 4424.634464] mpp_av1dec av1d-master: AV1SHIM r[2][064]=00000000
[ 4424.634468] mpp_av1dec av1d-master: AV1SHIM r[2][065]=00000000
[ 4424.634471] mpp_av1dec av1d-master: AV1SHIM r[2][066]=00000000
[ 4424.634475] mpp_av1dec av1d-master: AV1SHIM r[2][067]=00000000
[ 4424.634479] mpp_av1dec av1d-master: AV1SHIM r[2][068]=00000000
[ 4424.634482] mpp_av1dec av1d-master: AV1SHIM r[2][069]=00000000
[ 4424.634486] mpp_av1dec av1d-master: AV1SHIM r[2][070]=00000000
[ 4424.634488] mpp_av1dec av1d-master: AV1SHIM r[2][071]=00000000
[ 4424.634490] mpp_av1dec av1d-master: AV1SHIM r[2][072]=00000000
[ 4424.634492] mpp_av1dec av1d-master: AV1SHIM r[2][073]=00000000
[ 4424.634494] mpp_av1dec av1d-master: AV1SHIM r[2][074]=00000000
[ 4424.634496] mpp_av1dec av1d-master: AV1SHIM r[2][075]=00000000
[ 4424.634498] mpp_av1dec av1d-master: AV1SHIM r[2][076]=00000000
[ 4424.634500] mpp_av1dec av1d-master: AV1SHIM r[2][077]=00000000
[ 4424.634502] mpp_av1dec av1d-master: AV1SHIM r[2][078]=00000000
[ 4424.634503] mpp_av1dec av1d-master: AV1SHIM r[2][079]=00000000
[ 4424.634506] mpp_av1dec av1d-master: AV1SHIM r[2][080]=00000000
[ 4424.634507] mpp_av1dec av1d-master: AV1SHIM r[2][081]=00000000
[ 4424.634509] mpp_av1dec av1d-master: AV1SHIM r[2][082]=00000000
[ 4424.634511] mpp_av1dec av1d-master: AV1SHIM r[2][083]=00000000
[ 4424.634513] mpp_av1dec av1d-master: AV1SHIM r[2][084]=00000000
[ 4424.634515] mpp_av1dec av1d-master: AV1SHIM r[2][085]=00000000
[ 4424.634517] mpp_av1dec av1d-master: AV1SHIM r[2][086]=00000000
[ 4424.634519] mpp_av1dec av1d-master: AV1SHIM r[2][087]=00000000
[ 4424.634520] mpp_av1dec av1d-master: AV1SHIM r[2][088]=00000000
[ 4424.634522] mpp_av1dec av1d-master: AV1SHIM r[2][089]=00000000
[ 4424.634524] mpp_av1dec av1d-master: AV1SHIM r[2][090]=00000000
[ 4424.634526] mpp_av1dec av1d-master: AV1SHIM r[2][091]=00000000
[ 4424.634528] mpp_av1dec av1d-master: AV1SHIM r[2][092]=00000000
[ 4424.634530] mpp_av1dec av1d-master: AV1SHIM r[2][093]=00000000
[ 4424.634532] mpp_av1dec av1d-master: AV1SHIM r[2][094]=00000000
[ 4424.634534] mpp_av1dec av1d-master: AV1SHIM r[2][095]=00000000
[ 4424.634536] mpp_av1dec av1d-master: AV1SHIM r[2][096]=00000000
[ 4424.634537] mpp_av1dec av1d-master: AV1SHIM r[2][097]=00000000
[ 4424.634539] mpp_av1dec av1d-master: AV1SHIM r[2][098]=00000000
[ 4424.634541] mpp_av1dec av1d-master: AV1SHIM r[2][099]=00000000
[ 4424.634543] mpp_av1dec av1d-master: AV1SHIM r[2][100]=00000000
[ 4424.634545] mpp_av1dec av1d-master: AV1SHIM r[2][101]=00000000
[ 4424.634547] mpp_av1dec av1d-master: AV1SHIM r[2][102]=00000000
[ 4424.634549] mpp_av1dec av1d-master: AV1SHIM r[2][103]=00000000
[ 4424.634550] mpp_av1dec av1d-master: AV1SHIM r[2][104]=00000000
[ 4424.634552] mpp_av1dec av1d-master: AV1SHIM r[2][105]=00000000
[ 4424.634554] mpp_av1dec av1d-master: AV1SHIM r[2][106]=00000000
[ 4424.634556] mpp_av1dec av1d-master: AV1SHIM r[2][107]=00000000
[ 4424.634558] mpp_av1dec av1d-master: AV1SHIM r[2][108]=00000000
[ 4424.634560] mpp_av1dec av1d-master: AV1SHIM r[2][109]=00000000
[ 4424.634562] mpp_av1dec av1d-master: AV1SHIM r[2][110]=00000000
[ 4424.634564] mpp_av1dec av1d-master: AV1SHIM r[2][111]=00000000
[ 4424.634566] mpp_av1dec av1d-master: AV1SHIM r[2][112]=00000000
[ 4424.634567] mpp_av1dec av1d-master: AV1SHIM r[2][113]=00000000
[ 4424.634569] mpp_av1dec av1d-master: AV1SHIM r[2][114]=00000000
[ 4424.634571] mpp_av1dec av1d-master: AV1SHIM r[2][115]=00000000
[ 4424.634573] mpp_av1dec av1d-master: AV1SHIM r[2][116]=00000000
[ 4424.634575] mpp_av1dec av1d-master: AV1SHIM r[2][117]=00000000
[ 4424.634577] mpp_av1dec av1d-master: AV1SHIM r[2][118]=00000000
[ 4424.634579] mpp_av1dec av1d-master: AV1SHIM r[2][119]=00000000
[ 4424.634580] mpp_av1dec av1d-master: AV1SHIM r[2][120]=00000000
[ 4424.634583] mpp_av1dec av1d-master: AV1SHIM r[2][121]=00000000
[ 4424.634584] mpp_av1dec av1d-master: AV1SHIM r[2][122]=00000000
[ 4424.634586] mpp_av1dec av1d-master: AV1SHIM r[2][123]=00000000
[ 4424.634591] mpp_av1dec av1d-master: AV1SHIM r[2][124]=00000000
[ 4424.634594] mpp_av1dec av1d-master: AV1SHIM r[2][125]=00000000
[ 4424.634598] mpp_av1dec av1d-master: AV1SHIM r[2][126]=00000000
[ 4424.634602] mpp_av1dec av1d-master: AV1SHIM r[2][127]=00000000
[ 4424.634606] mpp_av1dec av1d-master: AV1SHIM r[2][128]=00000000
[ 4424.634610] mpp_av1dec av1d-master: AV1SHIM r[2][129]=00000000
[ 4424.634614] mpp_av1dec av1d-master: AV1SHIM r[2][130]=00000000
[ 4424.634618] mpp_av1dec av1d-master: AV1SHIM r[2][131]=00000000
[ 4424.634622] mpp_av1dec av1d-master: AV1SHIM r[2][132]=00000000
[ 4424.634626] mpp_av1dec av1d-master: AV1SHIM r[2][133]=00000000
[ 4424.634629] mpp_av1dec av1d-master: AV1SHIM r[2][134]=00000000
[ 4424.634633] mpp_av1dec av1d-master: AV1SHIM r[2][135]=00000000
[ 4424.634637] mpp_av1dec av1d-master: AV1SHIM r[2][136]=00000000
[ 4424.634641] mpp_av1dec av1d-master: AV1SHIM r[2][137]=00000000
[ 4424.634645] mpp_av1dec av1d-master: AV1SHIM r[2][138]=00000000
[ 4424.634649] mpp_av1dec av1d-master: AV1SHIM r[2][139]=00000000
[ 4424.634653] mpp_av1dec av1d-master: AV1SHIM r[2][140]=00000000
[ 4424.634657] mpp_av1dec av1d-master: AV1SHIM r[2][141]=00000000
[ 4424.634660] mpp_av1dec av1d-master: AV1SHIM r[2][142]=00000000
[ 4424.634664] mpp_av1dec av1d-master: AV1SHIM r[2][143]=00000000
[ 4424.634667] mpp_av1dec av1d-master: AV1SHIM r[2][144]=00000000
[ 4424.634671] mpp_av1dec av1d-master: AV1SHIM r[2][145]=00000000
[ 4424.634675] mpp_av1dec av1d-master: AV1SHIM r[2][146]=00000000
[ 4424.634678] mpp_av1dec av1d-master: AV1SHIM r[2][147]=00000000
[ 4424.634683] mpp_av1dec av1d-master: AV1SHIM r[2][148]=00000000
[ 4424.634686] mpp_av1dec av1d-master: AV1SHIM r[2][149]=00000000
[ 4424.634690] mpp_av1dec av1d-master: AV1SHIM r[2][150]=00000000
[ 4424.634694] mpp_av1dec av1d-master: AV1SHIM r[2][151]=00000000
[ 4424.634697] mpp_av1dec av1d-master: AV1SHIM r[2][152]=00000000
[ 4424.634701] mpp_av1dec av1d-master: AV1SHIM r[2][153]=00000000
[ 4424.634705] mpp_av1dec av1d-master: AV1SHIM r[2][154]=00000000
[ 4424.634709] mpp_av1dec av1d-master: AV1SHIM r[2][155]=00000000
[ 4424.634712] mpp_av1dec av1d-master: AV1SHIM r[2][156]=00000000
[ 4424.634716] mpp_av1dec av1d-master: AV1SHIM r[2][157]=00000000
[ 4424.634720] mpp_av1dec av1d-master: AV1SHIM r[2][158]=00000000
[ 4424.634724] mpp_av1dec av1d-master: AV1SHIM r[2][159]=00000000
[ 4424.634727] mpp_av1dec av1d-master: AV1SHIM r[2][160]=00000000
[ 4424.634731] mpp_av1dec av1d-master: AV1SHIM r[2][161]=00000000
[ 4424.634735] mpp_av1dec av1d-master: AV1SHIM r[2][162]=00000000
[ 4424.634738] mpp_av1dec av1d-master: AV1SHIM r[2][163]=00000000
[ 4424.634740] mpp_av1dec av1d-master: AV1SHIM r[2][164]=00000000
[ 4424.634742] mpp_av1dec av1d-master: AV1SHIM r[2][165]=00000000
[ 4424.634744] mpp_av1dec av1d-master: AV1SHIM r[2][166]=00000000
[ 4424.634746] mpp_av1dec av1d-master: AV1SHIM r[2][167]=00000000
[ 4424.634748] mpp_av1dec av1d-master: AV1SHIM r[2][168]=00000000
[ 4424.634750] mpp_av1dec av1d-master: AV1SHIM r[2][169]=00000000
[ 4424.634751] mpp_av1dec av1d-master: AV1SHIM r[2][170]=00000000
[ 4424.634753] mpp_av1dec av1d-master: AV1SHIM r[2][171]=00000000
[ 4424.634755] mpp_av1dec av1d-master: AV1SHIM r[2][172]=00000000
[ 4424.634757] mpp_av1dec av1d-master: AV1SHIM r[2][173]=00000000
[ 4424.634759] mpp_av1dec av1d-master: AV1SHIM r[2][174]=00000000
[ 4424.634761] mpp_av1dec av1d-master: AV1SHIM r[2][175]=00000000
[ 4424.634763] mpp_av1dec av1d-master: AV1SHIM r[2][176]=00000000
[ 4424.634765] mpp_av1dec av1d-master: AV1SHIM r[2][177]=00000000
[ 4424.634767] mpp_av1dec av1d-master: AV1SHIM r[2][178]=00000000
[ 4424.634768] mpp_av1dec av1d-master: AV1SHIM r[2][179]=00000000
[ 4424.634770] mpp_av1dec av1d-master: AV1SHIM r[2][180]=00000000
[ 4424.634772] mpp_av1dec av1d-master: AV1SHIM r[2][181]=00000000
[ 4424.634774] mpp_av1dec av1d-master: AV1SHIM r[2][182]=00000000
[ 4424.634776] mpp_av1dec av1d-master: AV1SHIM r[2][183]=00000000
[ 4424.634778] mpp_av1dec av1d-master: AV1SHIM r[2][184]=00000000
[ 4424.634780] mpp_av1dec av1d-master: AV1SHIM r[2][185]=00000000
[ 4424.634781] mpp_av1dec av1d-master: AV1SHIM r[2][186]=00000000
[ 4424.634783] mpp_av1dec av1d-master: AV1SHIM r[2][187]=00000000
[ 4424.634785] mpp_av1dec av1d-master: AV1SHIM r[2][188]=00000000
[ 4424.634787] mpp_av1dec av1d-master: AV1SHIM r[2][189]=00000000
[ 4424.634789] mpp_av1dec av1d-master: AV1SHIM r[2][190]=00000000
[ 4424.634791] mpp_av1dec av1d-master: AV1SHIM r[2][191]=00000000
[ 4424.634793] mpp_av1dec av1d-master: AV1SHIM r[2][192]=00000000
[ 4424.634795] mpp_av1dec av1d-master: AV1SHIM r[2][193]=00000000
[ 4424.634797] mpp_av1dec av1d-master: AV1SHIM r[2][194]=00000000
[ 4424.634798] mpp_av1dec av1d-master: AV1SHIM r[2][195]=00000000
[ 4424.634800] mpp_av1dec av1d-master: AV1SHIM r[2][196]=00000000
[ 4424.634802] mpp_av1dec av1d-master: AV1SHIM r[2][197]=00000000
[ 4424.634804] mpp_av1dec av1d-master: AV1SHIM r[2][198]=00000000
[ 4424.634806] mpp_av1dec av1d-master: AV1SHIM r[2][199]=00000000
[ 4424.634808] mpp_av1dec av1d-master: AV1SHIM r[2][200]=00000000
[ 4424.634810] mpp_av1dec av1d-master: AV1SHIM r[2][201]=00000000
[ 4424.634812] mpp_av1dec av1d-master: AV1SHIM r[2][202]=00000000
[ 4424.634814] mpp_av1dec av1d-master: AV1SHIM r[2][203]=00000000
[ 4424.634816] mpp_av1dec av1d-master: AV1SHIM r[2][204]=00000000
[ 4424.634817] mpp_av1dec av1d-master: AV1SHIM r[2][205]=00000000
[ 4424.634819] mpp_av1dec av1d-master: AV1SHIM r[2][206]=00000000
[ 4424.634821] mpp_av1dec av1d-master: AV1SHIM r[2][207]=00000000
[ 4424.634823] mpp_av1dec av1d-master: AV1SHIM r[2][208]=00000000
[ 4424.634825] mpp_av1dec av1d-master: AV1SHIM r[2][209]=00000000
[ 4424.634827] mpp_av1dec av1d-master: AV1SHIM r[2][210]=00000000
[ 4424.634829] mpp_av1dec av1d-master: AV1SHIM r[2][211]=00000000
[ 4424.634831] mpp_av1dec av1d-master: AV1SHIM kick end en=00000001 base=00000004
[ 4424.635927] mpp_av1dec av1d-master: AV1SHIM irq sta_base=00000004
[ 4424.635933] mpp_av1dec av1d-master: AV1SHIM irq status=00001100
[ 4424.636377] mpp_av1dec av1d-master: AV1SHIM kick begin task=00000000871e4ebf
[ 4424.636379] mpp_av1dec av1d-master: AV1SHIM class=0 count=512
[ 4424.636381] mpp_av1dec av1d-master: AV1SHIM r[0][000]=00000000
[ 4424.636382] mpp_av1dec av1d-master: AV1SHIM r[0][001]=00000001
[ 4424.636384] mpp_av1dec av1d-master: AV1SHIM r[0][002]=00000400
[ 4424.636385] mpp_av1dec av1d-master: AV1SHIM r[0][003]=88001100
[ 4424.636387] mpp_av1dec av1d-master: AV1SHIM r[0][004]=05001681
[ 4424.636388] mpp_av1dec av1d-master: AV1SHIM r[0][005]=40017f00
[ 4424.636390] mpp_av1dec av1d-master: AV1SHIM r[0][006]=00000080
[ 4424.636391] mpp_av1dec av1d-master: AV1SHIM r[0][007]=00000010
[ 4424.636393] mpp_av1dec av1d-master: AV1SHIM r[0][008]=0a008c00
[ 4424.636394] mpp_av1dec av1d-master: AV1SHIM r[0][009]=00003900
[ 4424.636396] mpp_av1dec av1d-master: AV1SHIM r[0][010]=00020401
[ 4424.636397] mpp_av1dec av1d-master: AV1SHIM r[0][011]=d8000c0c
[ 4424.636399] mpp_av1dec av1d-master: AV1SHIM r[0][012]=00007800
[ 4424.636400] mpp_av1dec av1d-master: AV1SHIM r[0][013]=00000000
[ 4424.636402] mpp_av1dec av1d-master: AV1SHIM r[0][014]=14000000
[ 4424.636403] mpp_av1dec av1d-master: AV1SHIM r[0][015]=14000000
[ 4424.636405] mpp_av1dec av1d-master: AV1SHIM r[0][016]=08000000
[ 4424.636406] mpp_av1dec av1d-master: AV1SHIM r[0][017]=08000000
[ 4424.636407] mpp_av1dec av1d-master: AV1SHIM r[0][018]=00000000
[ 4424.636409] mpp_av1dec av1d-master: AV1SHIM r[0][019]=fc000000
[ 4424.636410] mpp_av1dec av1d-master: AV1SHIM r[0][020]=01000000
[ 4424.636412] mpp_av1dec av1d-master: AV1SHIM r[0][021]=01000000
[ 4424.636414] mpp_av1dec av1d-master: AV1SHIM r[0][022]=01000000
[ 4424.636415] mpp_av1dec av1d-master: AV1SHIM r[0][023]=01000000
[ 4424.636417] mpp_av1dec av1d-master: AV1SHIM r[0][024]=01000000
[ 4424.636418] mpp_av1dec av1d-master: AV1SHIM r[0][025]=01000000
[ 4424.636419] mpp_av1dec av1d-master: AV1SHIM r[0][026]=01000000
[ 4424.636421] mpp_av1dec av1d-master: AV1SHIM r[0][027]=01000000
[ 4424.636423] mpp_av1dec av1d-master: AV1SHIM r[0][028]=00000000
[ 4424.636424] mpp_av1dec av1d-master: AV1SHIM r[0][029]=00000000
[ 4424.636426] mpp_av1dec av1d-master: AV1SHIM r[0][030]=00000000
[ 4424.636427] mpp_av1dec av1d-master: AV1SHIM r[0][031]=04000000
[ 4424.636429] mpp_av1dec av1d-master: AV1SHIM r[0][032]=14000000
[ 4424.636430] mpp_av1dec av1d-master: AV1SHIM r[0][033]=050002d0
[ 4424.636432] mpp_av1dec av1d-master: AV1SHIM r[0][034]=050002d0
[ 4424.636433] mpp_av1dec av1d-master: AV1SHIM r[0][035]=050002d0
[ 4424.636435] mpp_av1dec av1d-master: AV1SHIM r[0][036]=40004000
[ 4424.636436] mpp_av1dec av1d-master: AV1SHIM r[0][037]=40004000
[ 4424.636438] mpp_av1dec av1d-master: AV1SHIM r[0][038]=40004000
[ 4424.636439] mpp_av1dec av1d-master: AV1SHIM r[0][039]=40004000
[ 4424.636441] mpp_av1dec av1d-master: AV1SHIM r[0][040]=40004000
[ 4424.636442] mpp_av1dec av1d-master: AV1SHIM r[0][041]=40004000
[ 4424.636444] mpp_av1dec av1d-master: AV1SHIM r[0][042]=40004000
[ 4424.636445] mpp_av1dec av1d-master: AV1SHIM r[0][043]=050002d0
[ 4424.636447] mpp_av1dec av1d-master: AV1SHIM r[0][044]=050002d0
[ 4424.636449] mpp_av1dec av1d-master: AV1SHIM r[0][045]=050002d0
[ 4424.636450] mpp_av1dec av1d-master: AV1SHIM r[0][046]=050002d0
[ 4424.636452] mpp_av1dec av1d-master: AV1SHIM r[0][047]=78100804
[ 4424.636453] mpp_av1dec av1d-master: AV1SHIM r[0][048]=78100804
[ 4424.636455] mpp_av1dec av1d-master: AV1SHIM r[0][049]=0003c000
[ 4424.636456] mpp_av1dec av1d-master: AV1SHIM r[0][050]=00000000
[ 4424.636458] mpp_av1dec av1d-master: AV1SHIM r[0][051]=0003800e
[ 4424.636459] mpp_av1dec av1d-master: AV1SHIM r[0][052]=00000000
[ 4424.636461] mpp_av1dec av1d-master: AV1SHIM r[0][053]=00020002
[ 4424.636463] mpp_av1dec av1d-master: AV1SHIM r[0][054]=00000000
[ 4424.636464] mpp_av1dec av1d-master: AV1SHIM r[0][055]=00000008
[ 4424.636466] mpp_av1dec av1d-master: AV1SHIM r[0][056]=00000000
[ 4424.636467] mpp_av1dec av1d-master: AV1SHIM r[0][057]=00000000
[ 4424.636468] mpp_av1dec av1d-master: AV1SHIM r[0][058]=00000210
[ 4424.636470] mpp_av1dec av1d-master: AV1SHIM r[0][059]=00000000
[ 4424.636471] mpp_av1dec av1d-master: AV1SHIM r[0][060]=00000000
[ 4424.636479] mpp_av1dec av1d-master: AV1SHIM r[0][061]=00000000
[ 4424.636483] mpp_av1dec av1d-master: AV1SHIM r[0][062]=00000000
[ 4424.636485] mpp_av1dec av1d-master: AV1SHIM r[0][063]=00000000
[ 4424.636487] mpp_av1dec av1d-master: AV1SHIM r[0][064]=00000000
[ 4424.636489] mpp_av1dec av1d-master: AV1SHIM r[0][065]=fe010000
[ 4424.636491] mpp_av1dec av1d-master: AV1SHIM r[0][066]=00000000
[ 4424.636492] mpp_av1dec av1d-master: AV1SHIM r[0][067]=ff490000
[ 4424.636494] mpp_av1dec av1d-master: AV1SHIM r[0][068]=00000000
[ 4424.636496] mpp_av1dec av1d-master: AV1SHIM r[0][069]=ff490000
[ 4424.636498] mpp_av1dec av1d-master: AV1SHIM r[0][070]=00000000
[ 4424.636500] mpp_av1dec av1d-master: AV1SHIM r[0][071]=ff490000
[ 4424.636502] mpp_av1dec av1d-master: AV1SHIM r[0][072]=00000000
[ 4424.636504] mpp_av1dec av1d-master: AV1SHIM r[0][073]=ff490000
[ 4424.636506] mpp_av1dec av1d-master: AV1SHIM r[0][074]=00000000
[ 4424.636508] mpp_av1dec av1d-master: AV1SHIM r[0][075]=ff490000
[ 4424.636510] mpp_av1dec av1d-master: AV1SHIM r[0][076]=00000000
[ 4424.636512] mpp_av1dec av1d-master: AV1SHIM r[0][077]=ff490000
[ 4424.636514] mpp_av1dec av1d-master: AV1SHIM r[0][078]=00000000
[ 4424.636516] mpp_av1dec av1d-master: AV1SHIM r[0][079]=ff490000
[ 4424.636518] mpp_av1dec av1d-master: AV1SHIM r[0][080]=00000000
[ 4424.636519] mpp_av1dec av1d-master: AV1SHIM r[0][081]=00000000
[ 4424.636521] mpp_av1dec av1d-master: AV1SHIM r[0][082]=00000000
[ 4424.636523] mpp_av1dec av1d-master: AV1SHIM r[0][083]=ffe17000
[ 4424.636525] mpp_av1dec av1d-master: AV1SHIM r[0][084]=00000000
[ 4424.636527] mpp_av1dec av1d-master: AV1SHIM r[0][085]=fff14500
[ 4424.636529] mpp_av1dec av1d-master: AV1SHIM r[0][086]=00000000
[ 4424.636531] mpp_av1dec av1d-master: AV1SHIM r[0][087]=00000000
[ 4424.636533] mpp_av1dec av1d-master: AV1SHIM r[0][088]=00000000
[ 4424.636534] mpp_av1dec av1d-master: AV1SHIM r[0][089]=fff16e80
[ 4424.636536] mpp_av1dec av1d-master: AV1SHIM r[0][090]=00000000
[ 4424.636540] mpp_av1dec av1d-master: AV1SHIM r[0][091]=fff23900
[ 4424.636543] mpp_av1dec av1d-master: AV1SHIM r[0][092]=00000000
[ 4424.636544] mpp_av1dec av1d-master: AV1SHIM r[0][093]=00000000
[ 4424.636546] mpp_av1dec av1d-master: AV1SHIM r[0][094]=00000000
[ 4424.636548] mpp_av1dec av1d-master: AV1SHIM r[0][095]=00000000
[ 4424.636550] mpp_av1dec av1d-master: AV1SHIM r[0][096]=00000000
[ 4424.636552] mpp_av1dec av1d-master: AV1SHIM r[0][097]=00000000
[ 4424.636554] mpp_av1dec av1d-master: AV1SHIM r[0][098]=00000000
[ 4424.636555] mpp_av1dec av1d-master: AV1SHIM r[0][099]=fe0f1000
[ 4424.636557] mpp_av1dec av1d-master: AV1SHIM r[0][100]=00000000
[ 4424.636559] mpp_av1dec av1d-master: AV1SHIM r[0][101]=ff571000
[ 4424.636561] mpp_av1dec av1d-master: AV1SHIM r[0][102]=00000000
[ 4424.636563] mpp_av1dec av1d-master: AV1SHIM r[0][103]=ff571000
[ 4424.636565] mpp_av1dec av1d-master: AV1SHIM r[0][104]=00000000
[ 4424.636567] mpp_av1dec av1d-master: AV1SHIM r[0][105]=ff571000
[ 4424.636569] mpp_av1dec av1d-master: AV1SHIM r[0][106]=00000000
[ 4424.636571] mpp_av1dec av1d-master: AV1SHIM r[0][107]=ff571000
[ 4424.636572] mpp_av1dec av1d-master: AV1SHIM r[0][108]=00000000
[ 4424.636574] mpp_av1dec av1d-master: AV1SHIM r[0][109]=ff571000
[ 4424.636576] mpp_av1dec av1d-master: AV1SHIM r[0][110]=00000000
[ 4424.636578] mpp_av1dec av1d-master: AV1SHIM r[0][111]=ff571000
[ 4424.636580] mpp_av1dec av1d-master: AV1SHIM r[0][112]=00000000
[ 4424.636582] mpp_av1dec av1d-master: AV1SHIM r[0][113]=ff571000
[ 4424.636584] mpp_av1dec av1d-master: AV1SHIM r[0][114]=00000000
[ 4424.636586] mpp_av1dec av1d-master: AV1SHIM r[0][115]=00000000
[ 4424.636587] mpp_av1dec av1d-master: AV1SHIM r[0][116]=00000000
[ 4424.636589] mpp_av1dec av1d-master: AV1SHIM r[0][117]=00000000
[ 4424.636591] mpp_av1dec av1d-master: AV1SHIM r[0][118]=00000000
[ 4424.636593] mpp_av1dec av1d-master: AV1SHIM r[0][119]=00000000
[ 4424.636595] mpp_av1dec av1d-master: AV1SHIM r[0][120]=00000000
[ 4424.636597] mpp_av1dec av1d-master: AV1SHIM r[0][121]=00000000
[ 4424.636599] mpp_av1dec av1d-master: AV1SHIM r[0][122]=00000000
[ 4424.636601] mpp_av1dec av1d-master: AV1SHIM r[0][123]=00000000
[ 4424.636603] mpp_av1dec av1d-master: AV1SHIM r[0][124]=00000000
[ 4424.636605] mpp_av1dec av1d-master: AV1SHIM r[0][125]=00000000
[ 4424.636606] mpp_av1dec av1d-master: AV1SHIM r[0][126]=00000000
[ 4424.636608] mpp_av1dec av1d-master: AV1SHIM r[0][127]=00000000
[ 4424.636610] mpp_av1dec av1d-master: AV1SHIM r[0][128]=00000000
[ 4424.636612] mpp_av1dec av1d-master: AV1SHIM r[0][129]=00000000
[ 4424.636614] mpp_av1dec av1d-master: AV1SHIM r[0][130]=00000000
[ 4424.636616] mpp_av1dec av1d-master: AV1SHIM r[0][131]=00000000
[ 4424.636618] mpp_av1dec av1d-master: AV1SHIM r[0][132]=00000000
[ 4424.636620] mpp_av1dec av1d-master: AV1SHIM r[0][133]=fe161840
[ 4424.636622] mpp_av1dec av1d-master: AV1SHIM r[0][134]=00000000
[ 4424.636624] mpp_av1dec av1d-master: AV1SHIM r[0][135]=ff5e1840
[ 4424.636625] mpp_av1dec av1d-master: AV1SHIM r[0][136]=00000000
[ 4424.636627] mpp_av1dec av1d-master: AV1SHIM r[0][137]=ff5e1840
[ 4424.636629] mpp_av1dec av1d-master: AV1SHIM r[0][138]=00000000
[ 4424.636631] mpp_av1dec av1d-master: AV1SHIM r[0][139]=ff5e1840
[ 4424.636633] mpp_av1dec av1d-master: AV1SHIM r[0][140]=00000000
[ 4424.636635] mpp_av1dec av1d-master: AV1SHIM r[0][141]=ff5e1840
[ 4424.636637] mpp_av1dec av1d-master: AV1SHIM r[0][142]=00000000
[ 4424.636638] mpp_av1dec av1d-master: AV1SHIM r[0][143]=ff5e1840
[ 4424.636640] mpp_av1dec av1d-master: AV1SHIM r[0][144]=00000000
[ 4424.636642] mpp_av1dec av1d-master: AV1SHIM r[0][145]=ff5e1840
[ 4424.636644] mpp_av1dec av1d-master: AV1SHIM r[0][146]=00000000
[ 4424.636646] mpp_av1dec av1d-master: AV1SHIM r[0][147]=ff5e1840
[ 4424.636648] mpp_av1dec av1d-master: AV1SHIM r[0][148]=00000000
[ 4424.636650] mpp_av1dec av1d-master: AV1SHIM r[0][149]=00000000
[ 4424.636652] mpp_av1dec av1d-master: AV1SHIM r[0][150]=00000000
[ 4424.636653] mpp_av1dec av1d-master: AV1SHIM r[0][151]=00000000
[ 4424.636655] mpp_av1dec av1d-master: AV1SHIM r[0][152]=00000000
[ 4424.636657] mpp_av1dec av1d-master: AV1SHIM r[0][153]=00000000
[ 4424.636659] mpp_av1dec av1d-master: AV1SHIM r[0][154]=00000000
[ 4424.636661] mpp_av1dec av1d-master: AV1SHIM r[0][155]=00000000
[ 4424.636663] mpp_av1dec av1d-master: AV1SHIM r[0][156]=00000000
[ 4424.636665] mpp_av1dec av1d-master: AV1SHIM r[0][157]=00000000
[ 4424.636666] mpp_av1dec av1d-master: AV1SHIM r[0][158]=00000000
[ 4424.636668] mpp_av1dec av1d-master: AV1SHIM r[0][159]=00000000
[ 4424.636670] mpp_av1dec av1d-master: AV1SHIM r[0][160]=00000000
[ 4424.636672] mpp_av1dec av1d-master: AV1SHIM r[0][161]=00000000
[ 4424.636674] mpp_av1dec av1d-master: AV1SHIM r[0][162]=00000000
[ 4424.636676] mpp_av1dec av1d-master: AV1SHIM r[0][163]=00000000
[ 4424.636678] mpp_av1dec av1d-master: AV1SHIM r[0][164]=00000000
[ 4424.636680] mpp_av1dec av1d-master: AV1SHIM r[0][165]=00000000
[ 4424.636681] mpp_av1dec av1d-master: AV1SHIM r[0][166]=00000000
[ 4424.636683] mpp_av1dec av1d-master: AV1SHIM r[0][167]=fff6e000
[ 4424.636685] mpp_av1dec av1d-master: AV1SHIM r[0][168]=00000000
[ 4424.636687] mpp_av1dec av1d-master: AV1SHIM r[0][169]=ffbd0010
[ 4424.636689] mpp_av1dec av1d-master: AV1SHIM r[0][170]=00000000
[ 4424.636691] mpp_av1dec av1d-master: AV1SHIM r[0][171]=ffe1c000
[ 4424.636693] mpp_av1dec av1d-master: AV1SHIM r[0][172]=00000000
[ 4424.636694] mpp_av1dec av1d-master: AV1SHIM r[0][173]=ffe18000
[ 4424.636697] mpp_av1dec av1d-master: AV1SHIM r[0][174]=00000000
[ 4424.636698] mpp_av1dec av1d-master: AV1SHIM r[0][175]=fff0f000
[ 4424.636700] mpp_av1dec av1d-master: AV1SHIM r[0][176]=00000000
[ 4424.636702] mpp_av1dec av1d-master: AV1SHIM r[0][177]=fff0f000
[ 4424.636704] mpp_av1dec av1d-master: AV1SHIM r[0][178]=00000000
[ 4424.636706] mpp_av1dec av1d-master: AV1SHIM r[0][179]=fff10000
[ 4424.636708] mpp_av1dec av1d-master: AV1SHIM r[0][180]=00000000
[ 4424.636709] mpp_av1dec av1d-master: AV1SHIM r[0][181]=00000000
[ 4424.636711] mpp_av1dec av1d-master: AV1SHIM r[0][182]=00000000
[ 4424.636713] mpp_av1dec av1d-master: AV1SHIM r[0][183]=fff12d00
[ 4424.636715] mpp_av1dec av1d-master: AV1SHIM r[0][184]=000003ff
[ 4424.636717] mpp_av1dec av1d-master: AV1SHIM r[0][185]=000003ff
[ 4424.636719] mpp_av1dec av1d-master: AV1SHIM r[0][186]=000003ff
[ 4424.636721] mpp_av1dec av1d-master: AV1SHIM r[0][187]=000003ff
[ 4424.636723] mpp_av1dec av1d-master: AV1SHIM r[0][188]=000003ff
[ 4424.636725] mpp_av1dec av1d-master: AV1SHIM r[0][189]=00000000
[ 4424.636727] mpp_av1dec av1d-master: AV1SHIM r[0][190]=00000000
[ 4424.636728] mpp_av1dec av1d-master: AV1SHIM r[0][191]=00000000
[ 4424.636730] mpp_av1dec av1d-master: AV1SHIM r[0][192]=00000000
[ 4424.636732] mpp_av1dec av1d-master: AV1SHIM r[0][193]=00000000
[ 4424.636734] mpp_av1dec av1d-master: AV1SHIM r[0][194]=00000000
[ 4424.636736] mpp_av1dec av1d-master: AV1SHIM r[0][195]=00000000
[ 4424.636738] mpp_av1dec av1d-master: AV1SHIM r[0][196]=00000000
[ 4424.636739] mpp_av1dec av1d-master: AV1SHIM r[0][197]=00000000
[ 4424.636741] mpp_av1dec av1d-master: AV1SHIM r[0][198]=00000000
[ 4424.636743] mpp_av1dec av1d-master: AV1SHIM r[0][199]=00000000
[ 4424.636745] mpp_av1dec av1d-master: AV1SHIM r[0][200]=00000000
[ 4424.636747] mpp_av1dec av1d-master: AV1SHIM r[0][201]=00000000
[ 4424.636749] mpp_av1dec av1d-master: AV1SHIM r[0][202]=00000000
[ 4424.636751] mpp_av1dec av1d-master: AV1SHIM r[0][203]=00000000
[ 4424.636753] mpp_av1dec av1d-master: AV1SHIM r[0][204]=00000000
[ 4424.636754] mpp_av1dec av1d-master: AV1SHIM r[0][205]=00000000
[ 4424.636756] mpp_av1dec av1d-master: AV1SHIM r[0][206]=00000000
[ 4424.636758] mpp_av1dec av1d-master: AV1SHIM r[0][207]=00000000
[ 4424.636760] mpp_av1dec av1d-master: AV1SHIM r[0][208]=00000000
[ 4424.636762] mpp_av1dec av1d-master: AV1SHIM r[0][209]=00000000
[ 4424.636764] mpp_av1dec av1d-master: AV1SHIM r[0][210]=00000000
[ 4424.636766] mpp_av1dec av1d-master: AV1SHIM r[0][211]=00000000
[ 4424.636767] mpp_av1dec av1d-master: AV1SHIM r[0][212]=00000000
[ 4424.636769] mpp_av1dec av1d-master: AV1SHIM r[0][213]=00000000
[ 4424.636771] mpp_av1dec av1d-master: AV1SHIM r[0][214]=00000000
[ 4424.636773] mpp_av1dec av1d-master: AV1SHIM r[0][215]=00000000
[ 4424.636775] mpp_av1dec av1d-master: AV1SHIM r[0][216]=00000000
[ 4424.636777] mpp_av1dec av1d-master: AV1SHIM r[0][217]=00000000
[ 4424.636779] mpp_av1dec av1d-master: AV1SHIM r[0][218]=00000000
[ 4424.636781] mpp_av1dec av1d-master: AV1SHIM r[0][219]=00000000
[ 4424.636782] mpp_av1dec av1d-master: AV1SHIM r[0][220]=00000000
[ 4424.636784] mpp_av1dec av1d-master: AV1SHIM r[0][221]=00000000
[ 4424.636786] mpp_av1dec av1d-master: AV1SHIM r[0][222]=00000000
[ 4424.636788] mpp_av1dec av1d-master: AV1SHIM r[0][223]=00000000
[ 4424.636790] mpp_av1dec av1d-master: AV1SHIM r[0][224]=00000000
[ 4424.636792] mpp_av1dec av1d-master: AV1SHIM r[0][225]=00000000
[ 4424.636794] mpp_av1dec av1d-master: AV1SHIM r[0][226]=00000000
[ 4424.636795] mpp_av1dec av1d-master: AV1SHIM r[0][227]=00000000
[ 4424.636797] mpp_av1dec av1d-master: AV1SHIM r[0][228]=00000000
[ 4424.636799] mpp_av1dec av1d-master: AV1SHIM r[0][229]=00000000
[ 4424.636801] mpp_av1dec av1d-master: AV1SHIM r[0][230]=00000000
[ 4424.636803] mpp_av1dec av1d-master: AV1SHIM r[0][231]=00000000
[ 4424.636805] mpp_av1dec av1d-master: AV1SHIM r[0][232]=00000000
[ 4424.636806] mpp_av1dec av1d-master: AV1SHIM r[0][233]=00000000
[ 4424.636809] mpp_av1dec av1d-master: AV1SHIM r[0][234]=00000000
[ 4424.636810] mpp_av1dec av1d-master: AV1SHIM r[0][235]=00000000
[ 4424.636812] mpp_av1dec av1d-master: AV1SHIM r[0][236]=00000000
[ 4424.636814] mpp_av1dec av1d-master: AV1SHIM r[0][237]=00000000
[ 4424.636816] mpp_av1dec av1d-master: AV1SHIM r[0][238]=00000000
[ 4424.636818] mpp_av1dec av1d-master: AV1SHIM r[0][239]=00000000
[ 4424.636820] mpp_av1dec av1d-master: AV1SHIM r[0][240]=00000000
[ 4424.636821] mpp_av1dec av1d-master: AV1SHIM r[0][241]=00000000
[ 4424.636823] mpp_av1dec av1d-master: AV1SHIM r[0][242]=00000000
[ 4424.636825] mpp_av1dec av1d-master: AV1SHIM r[0][243]=00000000
[ 4424.636827] mpp_av1dec av1d-master: AV1SHIM r[0][244]=00000000
[ 4424.636829] mpp_av1dec av1d-master: AV1SHIM r[0][245]=00000000
[ 4424.636831] mpp_av1dec av1d-master: AV1SHIM r[0][246]=00000000
[ 4424.636833] mpp_av1dec av1d-master: AV1SHIM r[0][247]=00000000
[ 4424.636834] mpp_av1dec av1d-master: AV1SHIM r[0][248]=00000000
[ 4424.636836] mpp_av1dec av1d-master: AV1SHIM r[0][249]=00000000
[ 4424.636838] mpp_av1dec av1d-master: AV1SHIM r[0][250]=00000000
[ 4424.636840] mpp_av1dec av1d-master: AV1SHIM r[0][251]=00000000
[ 4424.636842] mpp_av1dec av1d-master: AV1SHIM r[0][252]=00000000
[ 4424.636844] mpp_av1dec av1d-master: AV1SHIM r[0][253]=00000000
[ 4424.636846] mpp_av1dec av1d-master: AV1SHIM r[0][254]=00000000
[ 4424.636848] mpp_av1dec av1d-master: AV1SHIM r[0][255]=00000000
[ 4424.636850] mpp_av1dec av1d-master: AV1SHIM r[0][256]=00000000
[ 4424.636851] mpp_av1dec av1d-master: AV1SHIM r[0][257]=000003ff
[ 4424.636853] mpp_av1dec av1d-master: AV1SHIM r[0][258]=00000080
[ 4424.636855] mpp_av1dec av1d-master: AV1SHIM r[0][259]=00000000
[ 4424.636857] mpp_av1dec av1d-master: AV1SHIM r[0][260]=00000000
[ 4424.636859] mpp_av1dec av1d-master: AV1SHIM r[0][261]=00000000
[ 4424.636861] mpp_av1dec av1d-master: AV1SHIM r[0][262]=000003ff
[ 4424.636862] mpp_av1dec av1d-master: AV1SHIM r[0][263]=0000000f
[ 4424.636865] mpp_av1dec av1d-master: AV1SHIM r[0][264]=0000000f
[ 4424.636866] mpp_av1dec av1d-master: AV1SHIM r[0][265]=01004000
[ 4424.636868] mpp_av1dec av1d-master: AV1SHIM r[0][266]=00000000
[ 4424.636870] mpp_av1dec av1d-master: AV1SHIM r[0][267]=00000000
[ 4424.636872] mpp_av1dec av1d-master: AV1SHIM r[0][268]=00000000
[ 4424.636874] mpp_av1dec av1d-master: AV1SHIM r[0][269]=00000000
[ 4424.636876] mpp_av1dec av1d-master: AV1SHIM r[0][270]=00000000
[ 4424.636878] mpp_av1dec av1d-master: AV1SHIM r[0][271]=00000000
[ 4424.636879] mpp_av1dec av1d-master: AV1SHIM r[0][272]=00000000
[ 4424.636881] mpp_av1dec av1d-master: AV1SHIM r[0][273]=00000000
[ 4424.636883] mpp_av1dec av1d-master: AV1SHIM r[0][274]=00000000
[ 4424.636885] mpp_av1dec av1d-master: AV1SHIM r[0][275]=00000000
[ 4424.636887] mpp_av1dec av1d-master: AV1SHIM r[0][276]=00000000
[ 4424.636889] mpp_av1dec av1d-master: AV1SHIM r[0][277]=00000000
[ 4424.636890] mpp_av1dec av1d-master: AV1SHIM r[0][278]=00000000
[ 4424.636893] mpp_av1dec av1d-master: AV1SHIM r[0][279]=00000000
[ 4424.636894] mpp_av1dec av1d-master: AV1SHIM r[0][280]=00000000
[ 4424.636896] mpp_av1dec av1d-master: AV1SHIM r[0][281]=00000000
[ 4424.636898] mpp_av1dec av1d-master: AV1SHIM r[0][282]=00000000
[ 4424.636900] mpp_av1dec av1d-master: AV1SHIM r[0][283]=00000000
[ 4424.636902] mpp_av1dec av1d-master: AV1SHIM r[0][284]=00000000
[ 4424.636904] mpp_av1dec av1d-master: AV1SHIM r[0][285]=00000000
[ 4424.636905] mpp_av1dec av1d-master: AV1SHIM r[0][286]=00000000
[ 4424.636907] mpp_av1dec av1d-master: AV1SHIM r[0][287]=00000000
[ 4424.636909] mpp_av1dec av1d-master: AV1SHIM r[0][288]=00000000
[ 4424.636911] mpp_av1dec av1d-master: AV1SHIM r[0][289]=00000000
[ 4424.636913] mpp_av1dec av1d-master: AV1SHIM r[0][290]=00000000
[ 4424.636915] mpp_av1dec av1d-master: AV1SHIM r[0][291]=00000000
[ 4424.636917] mpp_av1dec av1d-master: AV1SHIM r[0][292]=00000000
[ 4424.636929] mpp_av1dec av1d-master: AV1SHIM r[0][293]=00000000
[ 4424.636933] mpp_av1dec av1d-master: AV1SHIM r[0][294]=00000000
[ 4424.636937] mpp_av1dec av1d-master: AV1SHIM r[0][295]=00000000
[ 4424.636941] mpp_av1dec av1d-master: AV1SHIM r[0][296]=00000000
[ 4424.636945] mpp_av1dec av1d-master: AV1SHIM r[0][297]=00000000
[ 4424.636949] mpp_av1dec av1d-master: AV1SHIM r[0][298]=000e000e
[ 4424.636953] mpp_av1dec av1d-master: AV1SHIM r[0][299]=00000000
[ 4424.636956] mpp_av1dec av1d-master: AV1SHIM r[0][300]=00000000
[ 4424.636960] mpp_av1dec av1d-master: AV1SHIM r[0][301]=00000000
[ 4424.636964] mpp_av1dec av1d-master: AV1SHIM r[0][302]=00000000
[ 4424.636967] mpp_av1dec av1d-master: AV1SHIM r[0][303]=00000000
[ 4424.636971] mpp_av1dec av1d-master: AV1SHIM r[0][304]=00000000
[ 4424.636975] mpp_av1dec av1d-master: AV1SHIM r[0][305]=00000000
[ 4424.636979] mpp_av1dec av1d-master: AV1SHIM r[0][306]=00000000
[ 4424.636983] mpp_av1dec av1d-master: AV1SHIM r[0][307]=00000000
[ 4424.636986] mpp_av1dec av1d-master: AV1SHIM r[0][308]=00000000
[ 4424.636990] mpp_av1dec av1d-master: AV1SHIM r[0][309]=00000000
[ 4424.636994] mpp_av1dec av1d-master: AV1SHIM r[0][310]=00000000
[ 4424.636998] mpp_av1dec av1d-master: AV1SHIM r[0][311]=00000000
[ 4424.637001] mpp_av1dec av1d-master: AV1SHIM r[0][312]=00000000
[ 4424.637005] mpp_av1dec av1d-master: AV1SHIM r[0][313]=00000000
[ 4424.637009] mpp_av1dec av1d-master: AV1SHIM r[0][314]=00000040
[ 4424.637012] mpp_av1dec av1d-master: AV1SHIM r[0][315]=00000000
[ 4424.637016] mpp_av1dec av1d-master: AV1SHIM r[0][316]=00000000
[ 4424.637020] mpp_av1dec av1d-master: AV1SHIM r[0][317]=00000000
[ 4424.637023] mpp_av1dec av1d-master: AV1SHIM r[0][318]=8fffffff
[ 4424.637027] mpp_av1dec av1d-master: AV1SHIM r[0][319]=8fffffff
[ 4424.637031] mpp_av1dec av1d-master: AV1SHIM r[0][320]=00000001
[ 4424.637035] mpp_av1dec av1d-master: AV1SHIM r[0][321]=00000000
[ 4424.637038] mpp_av1dec av1d-master: AV1SHIM r[0][322]=000c0000
[ 4424.637042] mpp_av1dec av1d-master: AV1SHIM r[0][323]=00000000
[ 4424.637046] mpp_av1dec av1d-master: AV1SHIM r[0][324]=00000000
[ 4424.637050] mpp_av1dec av1d-master: AV1SHIM r[0][325]=00000000
[ 4424.637054] mpp_av1dec av1d-master: AV1SHIM r[0][326]=fe370000
[ 4424.637057] mpp_av1dec av1d-master: AV1SHIM r[0][327]=00000000
[ 4424.637061] mpp_av1dec av1d-master: AV1SHIM r[0][328]=fe451000
[ 4424.637065] mpp_av1dec av1d-master: AV1SHIM r[0][329]=05000500
[ 4424.637068] mpp_av1dec av1d-master: AV1SHIM r[0][330]=00000000
[ 4424.637071] mpp_av1dec av1d-master: AV1SHIM r[0][331]=02800168
[ 4424.637073] mpp_av1dec av1d-master: AV1SHIM r[0][332]=050002d0
[ 4424.637075] mpp_av1dec av1d-master: AV1SHIM r[0][333]=00000000
[ 4424.637077] mpp_av1dec av1d-master: AV1SHIM r[0][334]=00000000
[ 4424.637079] mpp_av1dec av1d-master: AV1SHIM r[0][335]=00000000
[ 4424.637081] mpp_av1dec av1d-master: AV1SHIM r[0][336]=00000000
[ 4424.637082] mpp_av1dec av1d-master: AV1SHIM r[0][337]=00000000
[ 4424.637084] mpp_av1dec av1d-master: AV1SHIM r[0][338]=00000000
[ 4424.637086] mpp_av1dec av1d-master: AV1SHIM r[0][339]=00000000
[ 4424.637088] mpp_av1dec av1d-master: AV1SHIM r[0][340]=00000000
[ 4424.637090] mpp_av1dec av1d-master: AV1SHIM r[0][341]=00000000
[ 4424.637092] mpp_av1dec av1d-master: AV1SHIM r[0][342]=00000000
[ 4424.637094] mpp_av1dec av1d-master: AV1SHIM r[0][343]=00000000
[ 4424.637096] mpp_av1dec av1d-master: AV1SHIM r[0][344]=00000000
[ 4424.637098] mpp_av1dec av1d-master: AV1SHIM r[0][345]=00000000
[ 4424.637099] mpp_av1dec av1d-master: AV1SHIM r[0][346]=00000000
[ 4424.637101] mpp_av1dec av1d-master: AV1SHIM r[0][347]=00000000
[ 4424.637103] mpp_av1dec av1d-master: AV1SHIM r[0][348]=00000000
[ 4424.637105] mpp_av1dec av1d-master: AV1SHIM r[0][349]=00000000
[ 4424.637107] mpp_av1dec av1d-master: AV1SHIM r[0][350]=00000000
[ 4424.637109] mpp_av1dec av1d-master: AV1SHIM r[0][351]=00000000
[ 4424.637111] mpp_av1dec av1d-master: AV1SHIM r[0][352]=00000000
[ 4424.637113] mpp_av1dec av1d-master: AV1SHIM r[0][353]=00000000
[ 4424.637114] mpp_av1dec av1d-master: AV1SHIM r[0][354]=00000000
[ 4424.637116] mpp_av1dec av1d-master: AV1SHIM r[0][355]=00000000
[ 4424.637118] mpp_av1dec av1d-master: AV1SHIM r[0][356]=00000000
[ 4424.637120] mpp_av1dec av1d-master: AV1SHIM r[0][357]=00000000
[ 4424.637122] mpp_av1dec av1d-master: AV1SHIM r[0][358]=00000000
[ 4424.637124] mpp_av1dec av1d-master: AV1SHIM r[0][359]=00000000
[ 4424.637126] mpp_av1dec av1d-master: AV1SHIM r[0][360]=00000000
[ 4424.637128] mpp_av1dec av1d-master: AV1SHIM r[0][361]=00000000
[ 4424.637130] mpp_av1dec av1d-master: AV1SHIM r[0][362]=00000000
[ 4424.637131] mpp_av1dec av1d-master: AV1SHIM r[0][363]=00000000
[ 4424.637133] mpp_av1dec av1d-master: AV1SHIM r[0][364]=00000000
[ 4424.637135] mpp_av1dec av1d-master: AV1SHIM r[0][365]=00000000
[ 4424.637137] mpp_av1dec av1d-master: AV1SHIM r[0][366]=00000000
[ 4424.637139] mpp_av1dec av1d-master: AV1SHIM r[0][367]=00000000
[ 4424.637141] mpp_av1dec av1d-master: AV1SHIM r[0][368]=00000000
[ 4424.637143] mpp_av1dec av1d-master: AV1SHIM r[0][369]=00000000
[ 4424.637145] mpp_av1dec av1d-master: AV1SHIM r[0][370]=00000000
[ 4424.637146] mpp_av1dec av1d-master: AV1SHIM r[0][371]=00000000
[ 4424.637148] mpp_av1dec av1d-master: AV1SHIM r[0][372]=00000000
[ 4424.637150] mpp_av1dec av1d-master: AV1SHIM r[0][373]=00000000
[ 4424.637152] mpp_av1dec av1d-master: AV1SHIM r[0][374]=00000000
[ 4424.637154] mpp_av1dec av1d-master: AV1SHIM r[0][375]=00000000
[ 4424.637156] mpp_av1dec av1d-master: AV1SHIM r[0][376]=00000000
[ 4424.637158] mpp_av1dec av1d-master: AV1SHIM r[0][377]=00000000
[ 4424.637159] mpp_av1dec av1d-master: AV1SHIM r[0][378]=00000000
[ 4424.637161] mpp_av1dec av1d-master: AV1SHIM r[0][379]=00000000
[ 4424.637163] mpp_av1dec av1d-master: AV1SHIM r[0][380]=00000000
[ 4424.637165] mpp_av1dec av1d-master: AV1SHIM r[0][381]=00000000
[ 4424.637167] mpp_av1dec av1d-master: AV1SHIM r[0][382]=00000000
[ 4424.637169] mpp_av1dec av1d-master: AV1SHIM r[0][383]=00000000
[ 4424.637171] mpp_av1dec av1d-master: AV1SHIM r[0][384]=00000000
[ 4424.637175] mpp_av1dec av1d-master: AV1SHIM r[0][385]=00000000
[ 4424.637179] mpp_av1dec av1d-master: AV1SHIM r[0][386]=00000000
[ 4424.637182] mpp_av1dec av1d-master: AV1SHIM r[0][387]=00000000
[ 4424.637186] mpp_av1dec av1d-master: AV1SHIM r[0][388]=00000000
[ 4424.637190] mpp_av1dec av1d-master: AV1SHIM r[0][389]=00000000
[ 4424.637194] mpp_av1dec av1d-master: AV1SHIM r[0][390]=00000000
[ 4424.637197] mpp_av1dec av1d-master: AV1SHIM r[0][391]=00000000
[ 4424.637201] mpp_av1dec av1d-master: AV1SHIM r[0][392]=00000000
[ 4424.637205] mpp_av1dec av1d-master: AV1SHIM r[0][393]=00000000
[ 4424.637209] mpp_av1dec av1d-master: AV1SHIM r[0][394]=01010000
[ 4424.637212] mpp_av1dec av1d-master: AV1SHIM r[0][395]=00000000
[ 4424.637216] mpp_av1dec av1d-master: AV1SHIM r[0][396]=00000000
[ 4424.637220] mpp_av1dec av1d-master: AV1SHIM r[0][397]=00000000
[ 4424.637224] mpp_av1dec av1d-master: AV1SHIM r[0][398]=00000000
[ 4424.637227] mpp_av1dec av1d-master: AV1SHIM r[0][399]=00000000
[ 4424.637231] mpp_av1dec av1d-master: AV1SHIM r[0][400]=00000000
[ 4424.637235] mpp_av1dec av1d-master: AV1SHIM r[0][401]=00000000
[ 4424.637239] mpp_av1dec av1d-master: AV1SHIM r[0][402]=00000000
[ 4424.637243] mpp_av1dec av1d-master: AV1SHIM r[0][403]=00000000
[ 4424.637246] mpp_av1dec av1d-master: AV1SHIM r[0][404]=00000000
[ 4424.637250] mpp_av1dec av1d-master: AV1SHIM r[0][405]=00000000
[ 4424.637254] mpp_av1dec av1d-master: AV1SHIM r[0][406]=00000000
[ 4424.637257] mpp_av1dec av1d-master: AV1SHIM r[0][407]=00000000
[ 4424.637261] mpp_av1dec av1d-master: AV1SHIM r[0][408]=00000000
[ 4424.637265] mpp_av1dec av1d-master: AV1SHIM r[0][409]=00000000
[ 4424.637268] mpp_av1dec av1d-master: AV1SHIM r[0][410]=00000000
[ 4424.637272] mpp_av1dec av1d-master: AV1SHIM r[0][411]=00000000
[ 4424.637276] mpp_av1dec av1d-master: AV1SHIM r[0][412]=00000000
[ 4424.637280] mpp_av1dec av1d-master: AV1SHIM r[0][413]=00000000
[ 4424.637284] mpp_av1dec av1d-master: AV1SHIM r[0][414]=00000000
[ 4424.637287] mpp_av1dec av1d-master: AV1SHIM r[0][415]=00000000
[ 4424.637291] mpp_av1dec av1d-master: AV1SHIM r[0][416]=00000000
[ 4424.637295] mpp_av1dec av1d-master: AV1SHIM r[0][417]=00000000
[ 4424.637299] mpp_av1dec av1d-master: AV1SHIM r[0][418]=00000000
[ 4424.637302] mpp_av1dec av1d-master: AV1SHIM r[0][419]=00000000
[ 4424.637306] mpp_av1dec av1d-master: AV1SHIM r[0][420]=00000000
[ 4424.637310] mpp_av1dec av1d-master: AV1SHIM r[0][421]=00000000
[ 4424.637314] mpp_av1dec av1d-master: AV1SHIM r[0][422]=00000000
[ 4424.637318] mpp_av1dec av1d-master: AV1SHIM r[0][423]=00000000
[ 4424.637320] mpp_av1dec av1d-master: AV1SHIM r[0][424]=00000000
[ 4424.637322] mpp_av1dec av1d-master: AV1SHIM r[0][425]=00000000
[ 4424.637324] mpp_av1dec av1d-master: AV1SHIM r[0][426]=00000000
[ 4424.637326] mpp_av1dec av1d-master: AV1SHIM r[0][427]=00000000
[ 4424.637328] mpp_av1dec av1d-master: AV1SHIM r[0][428]=00000000
[ 4424.637330] mpp_av1dec av1d-master: AV1SHIM r[0][429]=00000000
[ 4424.637332] mpp_av1dec av1d-master: AV1SHIM r[0][430]=00000000
[ 4424.637334] mpp_av1dec av1d-master: AV1SHIM r[0][431]=00000000
[ 4424.637336] mpp_av1dec av1d-master: AV1SHIM r[0][432]=00000000
[ 4424.637337] mpp_av1dec av1d-master: AV1SHIM r[0][433]=00000000
[ 4424.637339] mpp_av1dec av1d-master: AV1SHIM r[0][434]=00000000
[ 4424.637341] mpp_av1dec av1d-master: AV1SHIM r[0][435]=00000000
[ 4424.637343] mpp_av1dec av1d-master: AV1SHIM r[0][436]=00000000
[ 4424.637345] mpp_av1dec av1d-master: AV1SHIM r[0][437]=00000000
[ 4424.637347] mpp_av1dec av1d-master: AV1SHIM r[0][438]=00000000
[ 4424.637348] mpp_av1dec av1d-master: AV1SHIM r[0][439]=00000000
[ 4424.637350] mpp_av1dec av1d-master: AV1SHIM r[0][440]=00000000
[ 4424.637352] mpp_av1dec av1d-master: AV1SHIM r[0][441]=00000000
[ 4424.637354] mpp_av1dec av1d-master: AV1SHIM r[0][442]=00000000
[ 4424.637356] mpp_av1dec av1d-master: AV1SHIM r[0][443]=00000000
[ 4424.637358] mpp_av1dec av1d-master: AV1SHIM r[0][444]=00000000
[ 4424.637360] mpp_av1dec av1d-master: AV1SHIM r[0][445]=00000000
[ 4424.637362] mpp_av1dec av1d-master: AV1SHIM r[0][446]=00000000
[ 4424.637364] mpp_av1dec av1d-master: AV1SHIM r[0][447]=00000000
[ 4424.637365] mpp_av1dec av1d-master: AV1SHIM r[0][448]=00000000
[ 4424.637367] mpp_av1dec av1d-master: AV1SHIM r[0][449]=00000000
[ 4424.637369] mpp_av1dec av1d-master: AV1SHIM r[0][450]=00000000
[ 4424.637371] mpp_av1dec av1d-master: AV1SHIM r[0][451]=00000000
[ 4424.637373] mpp_av1dec av1d-master: AV1SHIM r[0][452]=00000000
[ 4424.637375] mpp_av1dec av1d-master: AV1SHIM r[0][453]=00000000
[ 4424.637376] mpp_av1dec av1d-master: AV1SHIM r[0][454]=00000000
[ 4424.637378] mpp_av1dec av1d-master: AV1SHIM r[0][455]=00000000
[ 4424.637380] mpp_av1dec av1d-master: AV1SHIM r[0][456]=00000000
[ 4424.637382] mpp_av1dec av1d-master: AV1SHIM r[0][457]=00000000
[ 4424.637384] mpp_av1dec av1d-master: AV1SHIM r[0][458]=00000000
[ 4424.637386] mpp_av1dec av1d-master: AV1SHIM r[0][459]=00000000
[ 4424.637388] mpp_av1dec av1d-master: AV1SHIM r[0][460]=00000000
[ 4424.637390] mpp_av1dec av1d-master: AV1SHIM r[0][461]=00000000
[ 4424.637392] mpp_av1dec av1d-master: AV1SHIM r[0][462]=00000000
[ 4424.637393] mpp_av1dec av1d-master: AV1SHIM r[0][463]=00000000
[ 4424.637395] mpp_av1dec av1d-master: AV1SHIM r[0][464]=00000000
[ 4424.637397] mpp_av1dec av1d-master: AV1SHIM r[0][465]=00000000
[ 4424.637399] mpp_av1dec av1d-master: AV1SHIM r[0][466]=00000000
[ 4424.637401] mpp_av1dec av1d-master: AV1SHIM r[0][467]=00000000
[ 4424.637403] mpp_av1dec av1d-master: AV1SHIM r[0][468]=00000000
[ 4424.637404] mpp_av1dec av1d-master: AV1SHIM r[0][469]=00000000
[ 4424.637406] mpp_av1dec av1d-master: AV1SHIM r[0][470]=00000000
[ 4424.637408] mpp_av1dec av1d-master: AV1SHIM r[0][471]=00000000
[ 4424.637410] mpp_av1dec av1d-master: AV1SHIM r[0][472]=00000000
[ 4424.637412] mpp_av1dec av1d-master: AV1SHIM r[0][473]=00000000
[ 4424.637414] mpp_av1dec av1d-master: AV1SHIM r[0][474]=00000000
[ 4424.637416] mpp_av1dec av1d-master: AV1SHIM r[0][475]=00000000
[ 4424.637418] mpp_av1dec av1d-master: AV1SHIM r[0][476]=00000000
[ 4424.637419] mpp_av1dec av1d-master: AV1SHIM r[0][477]=00000000
[ 4424.637423] mpp_av1dec av1d-master: AV1SHIM r[0][478]=00000000
[ 4424.637427] mpp_av1dec av1d-master: AV1SHIM r[0][479]=00000000
[ 4424.637430] mpp_av1dec av1d-master: AV1SHIM r[0][480]=00000000
[ 4424.637434] mpp_av1dec av1d-master: AV1SHIM r[0][481]=00000000
[ 4424.637438] mpp_av1dec av1d-master: AV1SHIM r[0][482]=00000000
[ 4424.637442] mpp_av1dec av1d-master: AV1SHIM r[0][483]=00000000
[ 4424.637446] mpp_av1dec av1d-master: AV1SHIM r[0][484]=00000000
[ 4424.637450] mpp_av1dec av1d-master: AV1SHIM r[0][485]=00000000
[ 4424.637453] mpp_av1dec av1d-master: AV1SHIM r[0][486]=00000000
[ 4424.637457] mpp_av1dec av1d-master: AV1SHIM r[0][487]=00000000
[ 4424.637461] mpp_av1dec av1d-master: AV1SHIM r[0][488]=00000000
[ 4424.637464] mpp_av1dec av1d-master: AV1SHIM r[0][489]=00000000
[ 4424.637468] mpp_av1dec av1d-master: AV1SHIM r[0][490]=00000000
[ 4424.637472] mpp_av1dec av1d-master: AV1SHIM r[0][491]=00000000
[ 4424.637476] mpp_av1dec av1d-master: AV1SHIM r[0][492]=00000000
[ 4424.637480] mpp_av1dec av1d-master: AV1SHIM r[0][493]=00000000
[ 4424.637483] mpp_av1dec av1d-master: AV1SHIM r[0][494]=00000000
[ 4424.637487] mpp_av1dec av1d-master: AV1SHIM r[0][495]=00000000
[ 4424.637490] mpp_av1dec av1d-master: AV1SHIM r[0][496]=00000000
[ 4424.637493] mpp_av1dec av1d-master: AV1SHIM r[0][497]=00000000
[ 4424.637496] mpp_av1dec av1d-master: AV1SHIM r[0][498]=00000000
[ 4424.637499] mpp_av1dec av1d-master: AV1SHIM r[0][499]=00000000
[ 4424.637502] mpp_av1dec av1d-master: AV1SHIM r[0][500]=00000000
[ 4424.637506] mpp_av1dec av1d-master: AV1SHIM r[0][501]=00000000
[ 4424.637509] mpp_av1dec av1d-master: AV1SHIM r[0][502]=00000000
[ 4424.637512] mpp_av1dec av1d-master: AV1SHIM r[0][503]=00000000
[ 4424.637515] mpp_av1dec av1d-master: AV1SHIM r[0][504]=00000000
[ 4424.637518] mpp_av1dec av1d-master: AV1SHIM r[0][505]=00000000
[ 4424.637521] mpp_av1dec av1d-master: AV1SHIM r[0][506]=00000000
[ 4424.637525] mpp_av1dec av1d-master: AV1SHIM r[0][507]=00000000
[ 4424.637528] mpp_av1dec av1d-master: AV1SHIM r[0][508]=00000000
[ 4424.637531] mpp_av1dec av1d-master: AV1SHIM r[0][509]=00000000
[ 4424.637534] mpp_av1dec av1d-master: AV1SHIM r[0][510]=00000000
[ 4424.637537] mpp_av1dec av1d-master: AV1SHIM r[0][511]=00000000
[ 4424.637542] mpp_av1dec av1d-master: AV1SHIM class=1 count=166
[ 4424.637546] mpp_av1dec av1d-master: AV1SHIM r[1][000]=00000000
[ 4424.637550] mpp_av1dec av1d-master: AV1SHIM r[1][001]=00000000
[ 4424.637554] mpp_av1dec av1d-master: AV1SHIM r[1][002]=00000000
[ 4424.637558] mpp_av1dec av1d-master: AV1SHIM r[1][003]=00000000
[ 4424.637561] mpp_av1dec av1d-master: AV1SHIM r[1][004]=00000000
[ 4424.637563] mpp_av1dec av1d-master: AV1SHIM r[1][005]=00000000
[ 4424.637565] mpp_av1dec av1d-master: AV1SHIM r[1][006]=00000000
[ 4424.637567] mpp_av1dec av1d-master: AV1SHIM r[1][007]=00000000
[ 4424.637569] mpp_av1dec av1d-master: AV1SHIM r[1][008]=00000000
[ 4424.637570] mpp_av1dec av1d-master: AV1SHIM r[1][009]=00000000
[ 4424.637572] mpp_av1dec av1d-master: AV1SHIM r[1][010]=00000000
[ 4424.637574] mpp_av1dec av1d-master: AV1SHIM r[1][011]=00000000
[ 4424.637576] mpp_av1dec av1d-master: AV1SHIM r[1][012]=00000000
[ 4424.637579] mpp_av1dec av1d-master: AV1SHIM r[1][013]=00000000
[ 4424.637580] mpp_av1dec av1d-master: AV1SHIM r[1][014]=00000000
[ 4424.637582] mpp_av1dec av1d-master: AV1SHIM r[1][015]=00000000
[ 4424.637584] mpp_av1dec av1d-master: AV1SHIM r[1][016]=00000000
[ 4424.637586] mpp_av1dec av1d-master: AV1SHIM r[1][017]=00000000
[ 4424.637588] mpp_av1dec av1d-master: AV1SHIM r[1][018]=00000000
[ 4424.637590] mpp_av1dec av1d-master: AV1SHIM r[1][019]=00000000
[ 4424.637592] mpp_av1dec av1d-master: AV1SHIM r[1][020]=00000000
[ 4424.637594] mpp_av1dec av1d-master: AV1SHIM r[1][021]=00000000
[ 4424.637596] mpp_av1dec av1d-master: AV1SHIM r[1][022]=00000000
[ 4424.637598] mpp_av1dec av1d-master: AV1SHIM r[1][023]=00000000
[ 4424.637600] mpp_av1dec av1d-master: AV1SHIM r[1][024]=00000000
[ 4424.637601] mpp_av1dec av1d-master: AV1SHIM r[1][025]=00000000
[ 4424.637603] mpp_av1dec av1d-master: AV1SHIM r[1][026]=00000000
[ 4424.637605] mpp_av1dec av1d-master: AV1SHIM r[1][027]=00000000
[ 4424.637607] mpp_av1dec av1d-master: AV1SHIM r[1][028]=00000000
[ 4424.637609] mpp_av1dec av1d-master: AV1SHIM r[1][029]=00000000
[ 4424.637611] mpp_av1dec av1d-master: AV1SHIM r[1][030]=00000000
[ 4424.637613] mpp_av1dec av1d-master: AV1SHIM r[1][031]=00000000
[ 4424.637615] mpp_av1dec av1d-master: AV1SHIM r[1][032]=00000000
[ 4424.637616] mpp_av1dec av1d-master: AV1SHIM r[1][033]=00000000
[ 4424.637618] mpp_av1dec av1d-master: AV1SHIM r[1][034]=00000000
[ 4424.637621] mpp_av1dec av1d-master: AV1SHIM r[1][035]=00000000
[ 4424.637622] mpp_av1dec av1d-master: AV1SHIM r[1][036]=00000000
[ 4424.637624] mpp_av1dec av1d-master: AV1SHIM r[1][037]=00000000
[ 4424.637626] mpp_av1dec av1d-master: AV1SHIM r[1][038]=00000000
[ 4424.637628] mpp_av1dec av1d-master: AV1SHIM r[1][039]=00000000
[ 4424.637630] mpp_av1dec av1d-master: AV1SHIM r[1][040]=00000000
[ 4424.637632] mpp_av1dec av1d-master: AV1SHIM r[1][041]=00000000
[ 4424.637634] mpp_av1dec av1d-master: AV1SHIM r[1][042]=00000000
[ 4424.637636] mpp_av1dec av1d-master: AV1SHIM r[1][043]=00000000
[ 4424.637637] mpp_av1dec av1d-master: AV1SHIM r[1][044]=00000000
[ 4424.637639] mpp_av1dec av1d-master: AV1SHIM r[1][045]=00000000
[ 4424.637641] mpp_av1dec av1d-master: AV1SHIM r[1][046]=00000000
[ 4424.637643] mpp_av1dec av1d-master: AV1SHIM r[1][047]=00000000
[ 4424.637645] mpp_av1dec av1d-master: AV1SHIM r[1][048]=00000000
[ 4424.637647] mpp_av1dec av1d-master: AV1SHIM r[1][049]=00000000
[ 4424.637649] mpp_av1dec av1d-master: AV1SHIM r[1][050]=00000000
[ 4424.637651] mpp_av1dec av1d-master: AV1SHIM r[1][051]=00000000
[ 4424.637653] mpp_av1dec av1d-master: AV1SHIM r[1][052]=00000000
[ 4424.637654] mpp_av1dec av1d-master: AV1SHIM r[1][053]=00000000
[ 4424.637656] mpp_av1dec av1d-master: AV1SHIM r[1][054]=00000000
[ 4424.637658] mpp_av1dec av1d-master: AV1SHIM r[1][055]=00000000
[ 4424.637660] mpp_av1dec av1d-master: AV1SHIM r[1][056]=00000000
[ 4424.637662] mpp_av1dec av1d-master: AV1SHIM r[1][057]=00000000
[ 4424.637664] mpp_av1dec av1d-master: AV1SHIM r[1][058]=00000000
[ 4424.637667] mpp_av1dec av1d-master: AV1SHIM r[1][059]=00000000
[ 4424.637671] mpp_av1dec av1d-master: AV1SHIM r[1][060]=00000000
[ 4424.637675] mpp_av1dec av1d-master: AV1SHIM r[1][061]=00000000
[ 4424.637679] mpp_av1dec av1d-master: AV1SHIM r[1][062]=00000000
[ 4424.637683] mpp_av1dec av1d-master: AV1SHIM r[1][063]=00000000
[ 4424.637687] mpp_av1dec av1d-master: AV1SHIM r[1][064]=00000000
[ 4424.637691] mpp_av1dec av1d-master: AV1SHIM r[1][065]=00000000
[ 4424.637694] mpp_av1dec av1d-master: AV1SHIM r[1][066]=00000000
[ 4424.637698] mpp_av1dec av1d-master: AV1SHIM r[1][067]=00000000
[ 4424.637702] mpp_av1dec av1d-master: AV1SHIM r[1][068]=00000000
[ 4424.637706] mpp_av1dec av1d-master: AV1SHIM r[1][069]=00000000
[ 4424.637710] mpp_av1dec av1d-master: AV1SHIM r[1][070]=00000000
[ 4424.637714] mpp_av1dec av1d-master: AV1SHIM r[1][071]=00000000
[ 4424.637718] mpp_av1dec av1d-master: AV1SHIM r[1][072]=00000000
[ 4424.637721] mpp_av1dec av1d-master: AV1SHIM r[1][073]=00000000
[ 4424.637725] mpp_av1dec av1d-master: AV1SHIM r[1][074]=00000000
[ 4424.637729] mpp_av1dec av1d-master: AV1SHIM r[1][075]=00000000
[ 4424.637733] mpp_av1dec av1d-master: AV1SHIM r[1][076]=00000000
[ 4424.637737] mpp_av1dec av1d-master: AV1SHIM r[1][077]=00000000
[ 4424.637741] mpp_av1dec av1d-master: AV1SHIM r[1][078]=00000000
[ 4424.637744] mpp_av1dec av1d-master: AV1SHIM r[1][079]=00000000
[ 4424.637748] mpp_av1dec av1d-master: AV1SHIM r[1][080]=00000000
[ 4424.637751] mpp_av1dec av1d-master: AV1SHIM r[1][081]=00000000
[ 4424.637755] mpp_av1dec av1d-master: AV1SHIM r[1][082]=00000000
[ 4424.637759] mpp_av1dec av1d-master: AV1SHIM r[1][083]=00000000
[ 4424.637763] mpp_av1dec av1d-master: AV1SHIM r[1][084]=00000000
[ 4424.637767] mpp_av1dec av1d-master: AV1SHIM r[1][085]=00000000
[ 4424.637771] mpp_av1dec av1d-master: AV1SHIM r[1][086]=00000000
[ 4424.637775] mpp_av1dec av1d-master: AV1SHIM r[1][087]=00000000
[ 4424.637778] mpp_av1dec av1d-master: AV1SHIM r[1][088]=00000000
[ 4424.637782] mpp_av1dec av1d-master: AV1SHIM r[1][089]=00000000
[ 4424.637786] mpp_av1dec av1d-master: AV1SHIM r[1][090]=00000000
[ 4424.637790] mpp_av1dec av1d-master: AV1SHIM r[1][091]=00000000
[ 4424.637794] mpp_av1dec av1d-master: AV1SHIM r[1][092]=00000000
[ 4424.637798] mpp_av1dec av1d-master: AV1SHIM r[1][093]=00000000
[ 4424.637801] mpp_av1dec av1d-master: AV1SHIM r[1][094]=00000000
[ 4424.637805] mpp_av1dec av1d-master: AV1SHIM r[1][095]=00000000
[ 4424.637809] mpp_av1dec av1d-master: AV1SHIM r[1][096]=00000000
[ 4424.637813] mpp_av1dec av1d-master: AV1SHIM r[1][097]=00000000
[ 4424.637817] mpp_av1dec av1d-master: AV1SHIM r[1][098]=00000000
[ 4424.637819] mpp_av1dec av1d-master: AV1SHIM r[1][099]=00000000
[ 4424.637821] mpp_av1dec av1d-master: AV1SHIM r[1][100]=00000000
[ 4424.637823] mpp_av1dec av1d-master: AV1SHIM r[1][101]=00000000
[ 4424.637825] mpp_av1dec av1d-master: AV1SHIM r[1][102]=00000000
[ 4424.637827] mpp_av1dec av1d-master: AV1SHIM r[1][103]=00000000
[ 4424.637829] mpp_av1dec av1d-master: AV1SHIM r[1][104]=00000000
[ 4424.637831] mpp_av1dec av1d-master: AV1SHIM r[1][105]=00000000
[ 4424.637833] mpp_av1dec av1d-master: AV1SHIM r[1][106]=00000000
[ 4424.637835] mpp_av1dec av1d-master: AV1SHIM r[1][107]=00000000
[ 4424.637836] mpp_av1dec av1d-master: AV1SHIM r[1][108]=00000000
[ 4424.637838] mpp_av1dec av1d-master: AV1SHIM r[1][109]=00000000
[ 4424.637840] mpp_av1dec av1d-master: AV1SHIM r[1][110]=00000000
[ 4424.637842] mpp_av1dec av1d-master: AV1SHIM r[1][111]=00000000
[ 4424.637844] mpp_av1dec av1d-master: AV1SHIM r[1][112]=00000000
[ 4424.637846] mpp_av1dec av1d-master: AV1SHIM r[1][113]=00000000
[ 4424.637848] mpp_av1dec av1d-master: AV1SHIM r[1][114]=00000000
[ 4424.637850] mpp_av1dec av1d-master: AV1SHIM r[1][115]=00000000
[ 4424.637852] mpp_av1dec av1d-master: AV1SHIM r[1][116]=00000000
[ 4424.637854] mpp_av1dec av1d-master: AV1SHIM r[1][117]=00000000
[ 4424.637855] mpp_av1dec av1d-master: AV1SHIM r[1][118]=00000000
[ 4424.637857] mpp_av1dec av1d-master: AV1SHIM r[1][119]=00000000
[ 4424.637859] mpp_av1dec av1d-master: AV1SHIM r[1][120]=00000000
[ 4424.637861] mpp_av1dec av1d-master: AV1SHIM r[1][121]=00000000
[ 4424.637863] mpp_av1dec av1d-master: AV1SHIM r[1][122]=00000000
[ 4424.637865] mpp_av1dec av1d-master: AV1SHIM r[1][123]=00000000
[ 4424.637867] mpp_av1dec av1d-master: AV1SHIM r[1][124]=00000000
[ 4424.637868] mpp_av1dec av1d-master: AV1SHIM r[1][125]=00000000
[ 4424.637870] mpp_av1dec av1d-master: AV1SHIM r[1][126]=00000000
[ 4424.637872] mpp_av1dec av1d-master: AV1SHIM r[1][127]=00000000
[ 4424.637874] mpp_av1dec av1d-master: AV1SHIM r[1][128]=00000000
[ 4424.637876] mpp_av1dec av1d-master: AV1SHIM r[1][129]=00000000
[ 4424.637878] mpp_av1dec av1d-master: AV1SHIM r[1][130]=00000000
[ 4424.637880] mpp_av1dec av1d-master: AV1SHIM r[1][131]=00000000
[ 4424.637882] mpp_av1dec av1d-master: AV1SHIM r[1][132]=00000000
[ 4424.637884] mpp_av1dec av1d-master: AV1SHIM r[1][133]=00000000
[ 4424.637885] mpp_av1dec av1d-master: AV1SHIM r[1][134]=00000000
[ 4424.637887] mpp_av1dec av1d-master: AV1SHIM r[1][135]=00000000
[ 4424.637889] mpp_av1dec av1d-master: AV1SHIM r[1][136]=00000000
[ 4424.637891] mpp_av1dec av1d-master: AV1SHIM r[1][137]=00000000
[ 4424.637893] mpp_av1dec av1d-master: AV1SHIM r[1][138]=00000000
[ 4424.637895] mpp_av1dec av1d-master: AV1SHIM r[1][139]=00000000
[ 4424.637897] mpp_av1dec av1d-master: AV1SHIM r[1][140]=00000000
[ 4424.637899] mpp_av1dec av1d-master: AV1SHIM r[1][141]=00000000
[ 4424.637901] mpp_av1dec av1d-master: AV1SHIM r[1][142]=00000000
[ 4424.637903] mpp_av1dec av1d-master: AV1SHIM r[1][143]=00000000
[ 4424.637904] mpp_av1dec av1d-master: AV1SHIM r[1][144]=00000000
[ 4424.637906] mpp_av1dec av1d-master: AV1SHIM r[1][145]=00000000
[ 4424.637908] mpp_av1dec av1d-master: AV1SHIM r[1][146]=00000000
[ 4424.637910] mpp_av1dec av1d-master: AV1SHIM r[1][147]=00000000
[ 4424.637912] mpp_av1dec av1d-master: AV1SHIM r[1][148]=00000000
[ 4424.637914] mpp_av1dec av1d-master: AV1SHIM r[1][149]=00000000
[ 4424.637916] mpp_av1dec av1d-master: AV1SHIM r[1][150]=00000000
[ 4424.637918] mpp_av1dec av1d-master: AV1SHIM r[1][151]=00000000
[ 4424.637923] mpp_av1dec av1d-master: AV1SHIM r[1][152]=00000000
[ 4424.637926] mpp_av1dec av1d-master: AV1SHIM r[1][153]=00000000
[ 4424.637930] mpp_av1dec av1d-master: AV1SHIM r[1][154]=00000000
[ 4424.637934] mpp_av1dec av1d-master: AV1SHIM r[1][155]=00000000
[ 4424.637938] mpp_av1dec av1d-master: AV1SHIM r[1][156]=00000000
[ 4424.637942] mpp_av1dec av1d-master: AV1SHIM r[1][157]=00000000
[ 4424.637945] mpp_av1dec av1d-master: AV1SHIM r[1][158]=00000000
[ 4424.637949] mpp_av1dec av1d-master: AV1SHIM r[1][159]=00000000
[ 4424.637953] mpp_av1dec av1d-master: AV1SHIM r[1][160]=00000000
[ 4424.637957] mpp_av1dec av1d-master: AV1SHIM r[1][161]=00000000
[ 4424.637961] mpp_av1dec av1d-master: AV1SHIM r[1][162]=00000000
[ 4424.637965] mpp_av1dec av1d-master: AV1SHIM r[1][163]=00000000
[ 4424.637969] mpp_av1dec av1d-master: AV1SHIM r[1][164]=00000000
[ 4424.637973] mpp_av1dec av1d-master: AV1SHIM r[1][165]=00000000
[ 4424.637977] mpp_av1dec av1d-master: AV1SHIM class=2 count=212
[ 4424.637980] mpp_av1dec av1d-master: AV1SHIM r[2][000]=00000000
[ 4424.637984] mpp_av1dec av1d-master: AV1SHIM r[2][001]=00000000
[ 4424.637988] mpp_av1dec av1d-master: AV1SHIM r[2][002]=00000000
[ 4424.637992] mpp_av1dec av1d-master: AV1SHIM r[2][003]=00000000
[ 4424.637996] mpp_av1dec av1d-master: AV1SHIM r[2][004]=00000000
[ 4424.638000] mpp_av1dec av1d-master: AV1SHIM r[2][005]=00000000
[ 4424.638003] mpp_av1dec av1d-master: AV1SHIM r[2][006]=00000000
[ 4424.638008] mpp_av1dec av1d-master: AV1SHIM r[2][007]=00000000
[ 4424.638011] mpp_av1dec av1d-master: AV1SHIM r[2][008]=00000000
[ 4424.638015] mpp_av1dec av1d-master: AV1SHIM r[2][009]=00000000
[ 4424.638020] mpp_av1dec av1d-master: AV1SHIM r[2][010]=00000000
[ 4424.638024] mpp_av1dec av1d-master: AV1SHIM r[2][011]=00000000
[ 4424.638028] mpp_av1dec av1d-master: AV1SHIM r[2][012]=00000000
[ 4424.638031] mpp_av1dec av1d-master: AV1SHIM r[2][013]=00000000
[ 4424.638036] mpp_av1dec av1d-master: AV1SHIM r[2][014]=00000000
[ 4424.638039] mpp_av1dec av1d-master: AV1SHIM r[2][015]=00000000
[ 4424.638043] mpp_av1dec av1d-master: AV1SHIM r[2][016]=00000000
[ 4424.638048] mpp_av1dec av1d-master: AV1SHIM r[2][017]=00000000
[ 4424.638051] mpp_av1dec av1d-master: AV1SHIM r[2][018]=00000000
[ 4424.638055] mpp_av1dec av1d-master: AV1SHIM r[2][019]=00000000
[ 4424.638059] mpp_av1dec av1d-master: AV1SHIM r[2][020]=00000000
[ 4424.638063] mpp_av1dec av1d-master: AV1SHIM r[2][021]=00000000
[ 4424.638067] mpp_av1dec av1d-master: AV1SHIM r[2][022]=00000000
[ 4424.638071] mpp_av1dec av1d-master: AV1SHIM r[2][023]=00000000
[ 4424.638073] mpp_av1dec av1d-master: AV1SHIM r[2][024]=00000000
[ 4424.638075] mpp_av1dec av1d-master: AV1SHIM r[2][025]=00000000
[ 4424.638077] mpp_av1dec av1d-master: AV1SHIM r[2][026]=00000000
[ 4424.638079] mpp_av1dec av1d-master: AV1SHIM r[2][027]=00000000
[ 4424.638081] mpp_av1dec av1d-master: AV1SHIM r[2][028]=00000000
[ 4424.638083] mpp_av1dec av1d-master: AV1SHIM r[2][029]=00000000
[ 4424.638085] mpp_av1dec av1d-master: AV1SHIM r[2][030]=00000000
[ 4424.638087] mpp_av1dec av1d-master: AV1SHIM r[2][031]=00000000
[ 4424.638088] mpp_av1dec av1d-master: AV1SHIM r[2][032]=00000000
[ 4424.638090] mpp_av1dec av1d-master: AV1SHIM r[2][033]=00000000
[ 4424.638092] mpp_av1dec av1d-master: AV1SHIM r[2][034]=00000000
[ 4424.638094] mpp_av1dec av1d-master: AV1SHIM r[2][035]=00000000
[ 4424.638096] mpp_av1dec av1d-master: AV1SHIM r[2][036]=00000000
[ 4424.638098] mpp_av1dec av1d-master: AV1SHIM r[2][037]=00000000
[ 4424.638100] mpp_av1dec av1d-master: AV1SHIM r[2][038]=00000000
[ 4424.638102] mpp_av1dec av1d-master: AV1SHIM r[2][039]=00000000
[ 4424.638104] mpp_av1dec av1d-master: AV1SHIM r[2][040]=00000000
[ 4424.638106] mpp_av1dec av1d-master: AV1SHIM r[2][041]=00000000
[ 4424.638107] mpp_av1dec av1d-master: AV1SHIM r[2][042]=00000000
[ 4424.638109] mpp_av1dec av1d-master: AV1SHIM r[2][043]=00000000
[ 4424.638111] mpp_av1dec av1d-master: AV1SHIM r[2][044]=00000000
[ 4424.638113] mpp_av1dec av1d-master: AV1SHIM r[2][045]=00000000
[ 4424.638115] mpp_av1dec av1d-master: AV1SHIM r[2][046]=00000000
[ 4424.638117] mpp_av1dec av1d-master: AV1SHIM r[2][047]=00000000
[ 4424.638119] mpp_av1dec av1d-master: AV1SHIM r[2][048]=00000000
[ 4424.638121] mpp_av1dec av1d-master: AV1SHIM r[2][049]=00000000
[ 4424.638123] mpp_av1dec av1d-master: AV1SHIM r[2][050]=00000000
[ 4424.638125] mpp_av1dec av1d-master: AV1SHIM r[2][051]=00000000
[ 4424.638127] mpp_av1dec av1d-master: AV1SHIM r[2][052]=00000000
[ 4424.638128] mpp_av1dec av1d-master: AV1SHIM r[2][053]=00000000
[ 4424.638130] mpp_av1dec av1d-master: AV1SHIM r[2][054]=00000000
[ 4424.638132] mpp_av1dec av1d-master: AV1SHIM r[2][055]=00000000
[ 4424.638134] mpp_av1dec av1d-master: AV1SHIM r[2][056]=00000000
[ 4424.638136] mpp_av1dec av1d-master: AV1SHIM r[2][057]=00000000
[ 4424.638138] mpp_av1dec av1d-master: AV1SHIM r[2][058]=00000000
[ 4424.638140] mpp_av1dec av1d-master: AV1SHIM r[2][059]=00000000
[ 4424.638142] mpp_av1dec av1d-master: AV1SHIM r[2][060]=00000000
[ 4424.638143] mpp_av1dec av1d-master: AV1SHIM r[2][061]=00000000
[ 4424.638145] mpp_av1dec av1d-master: AV1SHIM r[2][062]=00000000
[ 4424.638147] mpp_av1dec av1d-master: AV1SHIM r[2][063]=00000000
[ 4424.638149] mpp_av1dec av1d-master: AV1SHIM r[2][064]=00000000
[ 4424.638151] mpp_av1dec av1d-master: AV1SHIM r[2][065]=00000000
[ 4424.638153] mpp_av1dec av1d-master: AV1SHIM r[2][066]=00000000
[ 4424.638155] mpp_av1dec av1d-master: AV1SHIM r[2][067]=00000000
[ 4424.638157] mpp_av1dec av1d-master: AV1SHIM r[2][068]=00000000
[ 4424.638159] mpp_av1dec av1d-master: AV1SHIM r[2][069]=00000000
[ 4424.638160] mpp_av1dec av1d-master: AV1SHIM r[2][070]=00000000
[ 4424.638162] mpp_av1dec av1d-master: AV1SHIM r[2][071]=00000000
[ 4424.638164] mpp_av1dec av1d-master: AV1SHIM r[2][072]=00000000
[ 4424.638166] mpp_av1dec av1d-master: AV1SHIM r[2][073]=00000000
[ 4424.638168] mpp_av1dec av1d-master: AV1SHIM r[2][074]=00000000
[ 4424.638170] mpp_av1dec av1d-master: AV1SHIM r[2][075]=00000000
[ 4424.638172] mpp_av1dec av1d-master: AV1SHIM r[2][076]=00000000
[ 4424.638174] mpp_av1dec av1d-master: AV1SHIM r[2][077]=00000000
[ 4424.638176] mpp_av1dec av1d-master: AV1SHIM r[2][078]=00000000
[ 4424.638178] mpp_av1dec av1d-master: AV1SHIM r[2][079]=00000000
[ 4424.638179] mpp_av1dec av1d-master: AV1SHIM r[2][080]=00000000
[ 4424.638181] mpp_av1dec av1d-master: AV1SHIM r[2][081]=00000000
[ 4424.638183] mpp_av1dec av1d-master: AV1SHIM r[2][082]=00000000
[ 4424.638185] mpp_av1dec av1d-master: AV1SHIM r[2][083]=00000000
[ 4424.638187] mpp_av1dec av1d-master: AV1SHIM r[2][084]=00000000
[ 4424.638190] mpp_av1dec av1d-master: AV1SHIM r[2][085]=00000000
[ 4424.638194] mpp_av1dec av1d-master: AV1SHIM r[2][086]=00000000
[ 4424.638197] mpp_av1dec av1d-master: AV1SHIM r[2][087]=00000000
[ 4424.638201] mpp_av1dec av1d-master: AV1SHIM r[2][088]=00000000
[ 4424.638205] mpp_av1dec av1d-master: AV1SHIM r[2][089]=00000000
[ 4424.638209] mpp_av1dec av1d-master: AV1SHIM r[2][090]=00000000
[ 4424.638213] mpp_av1dec av1d-master: AV1SHIM r[2][091]=00000000
[ 4424.638217] mpp_av1dec av1d-master: AV1SHIM r[2][092]=00000000
[ 4424.638220] mpp_av1dec av1d-master: AV1SHIM r[2][093]=00000000
[ 4424.638225] mpp_av1dec av1d-master: AV1SHIM r[2][094]=00000000
[ 4424.638228] mpp_av1dec av1d-master: AV1SHIM r[2][095]=00000000
[ 4424.638232] mpp_av1dec av1d-master: AV1SHIM r[2][096]=00000000
[ 4424.638236] mpp_av1dec av1d-master: AV1SHIM r[2][097]=00000000
[ 4424.638240] mpp_av1dec av1d-master: AV1SHIM r[2][098]=00000000
[ 4424.638244] mpp_av1dec av1d-master: AV1SHIM r[2][099]=00000000
[ 4424.638248] mpp_av1dec av1d-master: AV1SHIM r[2][100]=00000000
[ 4424.638251] mpp_av1dec av1d-master: AV1SHIM r[2][101]=00000000
[ 4424.638255] mpp_av1dec av1d-master: AV1SHIM r[2][102]=00000000
[ 4424.638259] mpp_av1dec av1d-master: AV1SHIM r[2][103]=00000000
[ 4424.638263] mpp_av1dec av1d-master: AV1SHIM r[2][104]=00000000
[ 4424.638267] mpp_av1dec av1d-master: AV1SHIM r[2][105]=00000000
[ 4424.638271] mpp_av1dec av1d-master: AV1SHIM r[2][106]=00000000
[ 4424.638275] mpp_av1dec av1d-master: AV1SHIM r[2][107]=00000000
[ 4424.638279] mpp_av1dec av1d-master: AV1SHIM r[2][108]=00000000
[ 4424.638283] mpp_av1dec av1d-master: AV1SHIM r[2][109]=00000000
[ 4424.638286] mpp_av1dec av1d-master: AV1SHIM r[2][110]=00000000
[ 4424.638290] mpp_av1dec av1d-master: AV1SHIM r[2][111]=00000000
[ 4424.638294] mpp_av1dec av1d-master: AV1SHIM r[2][112]=00000000
[ 4424.638298] mpp_av1dec av1d-master: AV1SHIM r[2][113]=00000000
[ 4424.638302] mpp_av1dec av1d-master: AV1SHIM r[2][114]=00000000
[ 4424.638306] mpp_av1dec av1d-master: AV1SHIM r[2][115]=00000000
[ 4424.638310] mpp_av1dec av1d-master: AV1SHIM r[2][116]=00000000
[ 4424.638314] mpp_av1dec av1d-master: AV1SHIM r[2][117]=00000000
[ 4424.638318] mpp_av1dec av1d-master: AV1SHIM r[2][118]=00000000
[ 4424.638322] mpp_av1dec av1d-master: AV1SHIM r[2][119]=00000000
[ 4424.638325] mpp_av1dec av1d-master: AV1SHIM r[2][120]=00000000
[ 4424.638329] mpp_av1dec av1d-master: AV1SHIM r[2][121]=00000000
[ 4424.638333] mpp_av1dec av1d-master: AV1SHIM r[2][122]=00000000
[ 4424.638337] mpp_av1dec av1d-master: AV1SHIM r[2][123]=00000000
[ 4424.638341] mpp_av1dec av1d-master: AV1SHIM r[2][124]=00000000
[ 4424.638343] mpp_av1dec av1d-master: AV1SHIM r[2][125]=00000000
[ 4424.638345] mpp_av1dec av1d-master: AV1SHIM r[2][126]=00000000
[ 4424.638347] mpp_av1dec av1d-master: AV1SHIM r[2][127]=00000000
[ 4424.638349] mpp_av1dec av1d-master: AV1SHIM r[2][128]=00000000
[ 4424.638351] mpp_av1dec av1d-master: AV1SHIM r[2][129]=00000000
[ 4424.638353] mpp_av1dec av1d-master: AV1SHIM r[2][130]=00000000
[ 4424.638354] mpp_av1dec av1d-master: AV1SHIM r[2][131]=00000000
[ 4424.638356] mpp_av1dec av1d-master: AV1SHIM r[2][132]=00000000
[ 4424.638358] mpp_av1dec av1d-master: AV1SHIM r[2][133]=00000000
[ 4424.638360] mpp_av1dec av1d-master: AV1SHIM r[2][134]=00000000
[ 4424.638362] mpp_av1dec av1d-master: AV1SHIM r[2][135]=00000000
[ 4424.638364] mpp_av1dec av1d-master: AV1SHIM r[2][136]=00000000
[ 4424.638366] mpp_av1dec av1d-master: AV1SHIM r[2][137]=00000000
[ 4424.638368] mpp_av1dec av1d-master: AV1SHIM r[2][138]=00000000
[ 4424.638370] mpp_av1dec av1d-master: AV1SHIM r[2][139]=00000000
[ 4424.638372] mpp_av1dec av1d-master: AV1SHIM r[2][140]=00000000
[ 4424.638373] mpp_av1dec av1d-master: AV1SHIM r[2][141]=00000000
[ 4424.638375] mpp_av1dec av1d-master: AV1SHIM r[2][142]=00000000
[ 4424.638377] mpp_av1dec av1d-master: AV1SHIM r[2][143]=00000000
[ 4424.638379] mpp_av1dec av1d-master: AV1SHIM r[2][144]=00000000
[ 4424.638381] mpp_av1dec av1d-master: AV1SHIM r[2][145]=00000000
[ 4424.638383] mpp_av1dec av1d-master: AV1SHIM r[2][146]=00000000
[ 4424.638385] mpp_av1dec av1d-master: AV1SHIM r[2][147]=00000000
[ 4424.638387] mpp_av1dec av1d-master: AV1SHIM r[2][148]=00000000
[ 4424.638388] mpp_av1dec av1d-master: AV1SHIM r[2][149]=00000000
[ 4424.638390] mpp_av1dec av1d-master: AV1SHIM r[2][150]=00000000
[ 4424.638392] mpp_av1dec av1d-master: AV1SHIM r[2][151]=00000000
[ 4424.638394] mpp_av1dec av1d-master: AV1SHIM r[2][152]=00000000
[ 4424.638396] mpp_av1dec av1d-master: AV1SHIM r[2][153]=00000000
[ 4424.638398] mpp_av1dec av1d-master: AV1SHIM r[2][154]=00000000
[ 4424.638400] mpp_av1dec av1d-master: AV1SHIM r[2][155]=00000000
[ 4424.638402] mpp_av1dec av1d-master: AV1SHIM r[2][156]=00000000
[ 4424.638404] mpp_av1dec av1d-master: AV1SHIM r[2][157]=00000000
[ 4424.638405] mpp_av1dec av1d-master: AV1SHIM r[2][158]=00000000
[ 4424.638407] mpp_av1dec av1d-master: AV1SHIM r[2][159]=00000000
[ 4424.638409] mpp_av1dec av1d-master: AV1SHIM r[2][160]=00000000
[ 4424.638411] mpp_av1dec av1d-master: AV1SHIM r[2][161]=00000000
[ 4424.638413] mpp_av1dec av1d-master: AV1SHIM r[2][162]=00000000
[ 4424.638415] mpp_av1dec av1d-master: AV1SHIM r[2][163]=00000000
[ 4424.638417] mpp_av1dec av1d-master: AV1SHIM r[2][164]=00000000
[ 4424.638419] mpp_av1dec av1d-master: AV1SHIM r[2][165]=00000000
[ 4424.638421] mpp_av1dec av1d-master: AV1SHIM r[2][166]=00000000
[ 4424.638422] mpp_av1dec av1d-master: AV1SHIM r[2][167]=00000000
[ 4424.638424] mpp_av1dec av1d-master: AV1SHIM r[2][168]=00000000
[ 4424.638426] mpp_av1dec av1d-master: AV1SHIM r[2][169]=00000000
[ 4424.638428] mpp_av1dec av1d-master: AV1SHIM r[2][170]=00000000
[ 4424.638430] mpp_av1dec av1d-master: AV1SHIM r[2][171]=00000000
[ 4424.638432] mpp_av1dec av1d-master: AV1SHIM r[2][172]=00000000
[ 4424.638434] mpp_av1dec av1d-master: AV1SHIM r[2][173]=00000000
[ 4424.638436] mpp_av1dec av1d-master: AV1SHIM r[2][174]=00000000
[ 4424.638437] mpp_av1dec av1d-master: AV1SHIM r[2][175]=00000000
[ 4424.638440] mpp_av1dec av1d-master: AV1SHIM r[2][176]=00000000
[ 4424.638442] mpp_av1dec av1d-master: AV1SHIM r[2][177]=00000000
[ 4424.638443] mpp_av1dec av1d-master: AV1SHIM r[2][178]=00000000
[ 4424.638445] mpp_av1dec av1d-master: AV1SHIM r[2][179]=00000000
[ 4424.638449] mpp_av1dec av1d-master: AV1SHIM r[2][180]=00000000
[ 4424.638453] mpp_av1dec av1d-master: AV1SHIM r[2][181]=00000000
[ 4424.638456] mpp_av1dec av1d-master: AV1SHIM r[2][182]=00000000
[ 4424.638460] mpp_av1dec av1d-master: AV1SHIM r[2][183]=00000000
[ 4424.638464] mpp_av1dec av1d-master: AV1SHIM r[2][184]=00000000
[ 4424.638468] mpp_av1dec av1d-master: AV1SHIM r[2][185]=00000000
[ 4424.638471] mpp_av1dec av1d-master: AV1SHIM r[2][186]=00000000
[ 4424.638475] mpp_av1dec av1d-master: AV1SHIM r[2][187]=00000000
[ 4424.638479] mpp_av1dec av1d-master: AV1SHIM r[2][188]=00000000
[ 4424.638483] mpp_av1dec av1d-master: AV1SHIM r[2][189]=00000000
[ 4424.638486] mpp_av1dec av1d-master: AV1SHIM r[2][190]=00000000
[ 4424.638490] mpp_av1dec av1d-master: AV1SHIM r[2][191]=00000000
[ 4424.638494] mpp_av1dec av1d-master: AV1SHIM r[2][192]=00000000
[ 4424.638498] mpp_av1dec av1d-master: AV1SHIM r[2][193]=00000000
[ 4424.638502] mpp_av1dec av1d-master: AV1SHIM r[2][194]=00000000
[ 4424.638505] mpp_av1dec av1d-master: AV1SHIM r[2][195]=00000000
[ 4424.638509] mpp_av1dec av1d-master: AV1SHIM r[2][196]=00000000
[ 4424.638513] mpp_av1dec av1d-master: AV1SHIM r[2][197]=00000000
[ 4424.638517] mpp_av1dec av1d-master: AV1SHIM r[2][198]=00000000
[ 4424.638520] mpp_av1dec av1d-master: AV1SHIM r[2][199]=00000000
[ 4424.638524] mpp_av1dec av1d-master: AV1SHIM r[2][200]=00000000
[ 4424.638528] mpp_av1dec av1d-master: AV1SHIM r[2][201]=00000000
[ 4424.638532] mpp_av1dec av1d-master: AV1SHIM r[2][202]=00000000
[ 4424.638535] mpp_av1dec av1d-master: AV1SHIM r[2][203]=00000000
[ 4424.638539] mpp_av1dec av1d-master: AV1SHIM r[2][204]=00000000
[ 4424.638543] mpp_av1dec av1d-master: AV1SHIM r[2][205]=00000000
[ 4424.638547] mpp_av1dec av1d-master: AV1SHIM r[2][206]=00000000
[ 4424.638551] mpp_av1dec av1d-master: AV1SHIM r[2][207]=00000000
[ 4424.638554] mpp_av1dec av1d-master: AV1SHIM r[2][208]=00000000
[ 4424.638558] mpp_av1dec av1d-master: AV1SHIM r[2][209]=00000000
[ 4424.638562] mpp_av1dec av1d-master: AV1SHIM r[2][210]=00000000
[ 4424.638566] mpp_av1dec av1d-master: AV1SHIM r[2][211]=00000000
[ 4424.638570] mpp_av1dec av1d-master: AV1SHIM kick end en=00000001 base=00000004
[ 4424.639668] mpp_av1dec av1d-master: AV1SHIM irq sta_base=00000004
[ 4424.639674] mpp_av1dec av1d-master: AV1SHIM irq status=00001100
[ 4424.640032] mpp_av1dec av1d-master: AV1SHIM kick begin task=00000000fbe53d9a
[ 4424.640034] mpp_av1dec av1d-master: AV1SHIM class=0 count=512
[ 4424.640035] mpp_av1dec av1d-master: AV1SHIM r[0][000]=00000000
[ 4424.640037] mpp_av1dec av1d-master: AV1SHIM r[0][001]=00000001
[ 4424.640038] mpp_av1dec av1d-master: AV1SHIM r[0][002]=00000400
[ 4424.640040] mpp_av1dec av1d-master: AV1SHIM r[0][003]=88001100
[ 4424.640041] mpp_av1dec av1d-master: AV1SHIM r[0][004]=05001681
[ 4424.640043] mpp_av1dec av1d-master: AV1SHIM r[0][005]=50017f00
[ 4424.640044] mpp_av1dec av1d-master: AV1SHIM r[0][006]=00000100
[ 4424.640046] mpp_av1dec av1d-master: AV1SHIM r[0][007]=00000008
[ 4424.640047] mpp_av1dec av1d-master: AV1SHIM r[0][008]=0a007b00
[ 4424.640049] mpp_av1dec av1d-master: AV1SHIM r[0][009]=00003900
[ 4424.640050] mpp_av1dec av1d-master: AV1SHIM r[0][010]=00020401
[ 4424.640052] mpp_av1dec av1d-master: AV1SHIM r[0][011]=d8000c0c
[ 4424.640053] mpp_av1dec av1d-master: AV1SHIM r[0][012]=00007800
[ 4424.640055] mpp_av1dec av1d-master: AV1SHIM r[0][013]=00000000
[ 4424.640056] mpp_av1dec av1d-master: AV1SHIM r[0][014]=10000000
[ 4424.640058] mpp_av1dec av1d-master: AV1SHIM r[0][015]=10000000
[ 4424.640059] mpp_av1dec av1d-master: AV1SHIM r[0][016]=08000000
[ 4424.640061] mpp_av1dec av1d-master: AV1SHIM r[0][017]=08000000
[ 4424.640062] mpp_av1dec av1d-master: AV1SHIM r[0][018]=00000000
[ 4424.640066] mpp_av1dec av1d-master: AV1SHIM r[0][019]=fc000000
[ 4424.640067] mpp_av1dec av1d-master: AV1SHIM r[0][020]=01000000
[ 4424.640069] mpp_av1dec av1d-master: AV1SHIM r[0][021]=01000000
[ 4424.640070] mpp_av1dec av1d-master: AV1SHIM r[0][022]=01000000
[ 4424.640072] mpp_av1dec av1d-master: AV1SHIM r[0][023]=01000000
[ 4424.640073] mpp_av1dec av1d-master: AV1SHIM r[0][024]=01000000
[ 4424.640075] mpp_av1dec av1d-master: AV1SHIM r[0][025]=01000000
[ 4424.640076] mpp_av1dec av1d-master: AV1SHIM r[0][026]=01000000
[ 4424.640078] mpp_av1dec av1d-master: AV1SHIM r[0][027]=01000000
[ 4424.640079] mpp_av1dec av1d-master: AV1SHIM r[0][028]=00000000
[ 4424.640081] mpp_av1dec av1d-master: AV1SHIM r[0][029]=00000000
[ 4424.640082] mpp_av1dec av1d-master: AV1SHIM r[0][030]=00000000
[ 4424.640084] mpp_av1dec av1d-master: AV1SHIM r[0][031]=04000000
[ 4424.640085] mpp_av1dec av1d-master: AV1SHIM r[0][032]=14000000
[ 4424.640087] mpp_av1dec av1d-master: AV1SHIM r[0][033]=050002d0
[ 4424.640089] mpp_av1dec av1d-master: AV1SHIM r[0][034]=050002d0
[ 4424.640090] mpp_av1dec av1d-master: AV1SHIM r[0][035]=050002d0
[ 4424.640092] mpp_av1dec av1d-master: AV1SHIM r[0][036]=40004000
[ 4424.640093] mpp_av1dec av1d-master: AV1SHIM r[0][037]=40004000
[ 4424.640095] mpp_av1dec av1d-master: AV1SHIM r[0][038]=40004000
[ 4424.640096] mpp_av1dec av1d-master: AV1SHIM r[0][039]=40004000
[ 4424.640098] mpp_av1dec av1d-master: AV1SHIM r[0][040]=40004000
[ 4424.640103] mpp_av1dec av1d-master: AV1SHIM r[0][041]=40004000
[ 4424.640106] mpp_av1dec av1d-master: AV1SHIM r[0][042]=40004000
[ 4424.640108] mpp_av1dec av1d-master: AV1SHIM r[0][043]=050002d0
[ 4424.640110] mpp_av1dec av1d-master: AV1SHIM r[0][044]=050002d0
[ 4424.640113] mpp_av1dec av1d-master: AV1SHIM r[0][045]=050002d0
[ 4424.640115] mpp_av1dec av1d-master: AV1SHIM r[0][046]=050002d0
[ 4424.640117] mpp_av1dec av1d-master: AV1SHIM r[0][047]=78100804
[ 4424.640119] mpp_av1dec av1d-master: AV1SHIM r[0][048]=78100804
[ 4424.640120] mpp_av1dec av1d-master: AV1SHIM r[0][049]=0003c000
[ 4424.640122] mpp_av1dec av1d-master: AV1SHIM r[0][050]=00000000
[ 4424.640124] mpp_av1dec av1d-master: AV1SHIM r[0][051]=0003800e
[ 4424.640126] mpp_av1dec av1d-master: AV1SHIM r[0][052]=00000000
[ 4424.640128] mpp_av1dec av1d-master: AV1SHIM r[0][053]=00020000
[ 4424.640130] mpp_av1dec av1d-master: AV1SHIM r[0][054]=00000000
[ 4424.640132] mpp_av1dec av1d-master: AV1SHIM r[0][055]=00000008
[ 4424.640134] mpp_av1dec av1d-master: AV1SHIM r[0][056]=00000000
[ 4424.640136] mpp_av1dec av1d-master: AV1SHIM r[0][057]=00000000
[ 4424.640138] mpp_av1dec av1d-master: AV1SHIM r[0][058]=00000210
[ 4424.640140] mpp_av1dec av1d-master: AV1SHIM r[0][059]=00000000
[ 4424.640141] mpp_av1dec av1d-master: AV1SHIM r[0][060]=00000000
[ 4424.640143] mpp_av1dec av1d-master: AV1SHIM r[0][061]=00000000
[ 4424.640145] mpp_av1dec av1d-master: AV1SHIM r[0][062]=00000000
[ 4424.640147] mpp_av1dec av1d-master: AV1SHIM r[0][063]=00000000
[ 4424.640149] mpp_av1dec av1d-master: AV1SHIM r[0][064]=00000000
[ 4424.640151] mpp_av1dec av1d-master: AV1SHIM r[0][065]=fe010000
[ 4424.640153] mpp_av1dec av1d-master: AV1SHIM r[0][066]=00000000
[ 4424.640155] mpp_av1dec av1d-master: AV1SHIM r[0][067]=ff490000
[ 4424.640157] mpp_av1dec av1d-master: AV1SHIM r[0][068]=00000000
[ 4424.640159] mpp_av1dec av1d-master: AV1SHIM r[0][069]=ff490000
[ 4424.640160] mpp_av1dec av1d-master: AV1SHIM r[0][070]=00000000
[ 4424.640162] mpp_av1dec av1d-master: AV1SHIM r[0][071]=ff490000
[ 4424.640164] mpp_av1dec av1d-master: AV1SHIM r[0][072]=00000000
[ 4424.640166] mpp_av1dec av1d-master: AV1SHIM r[0][073]=ff490000
[ 4424.640168] mpp_av1dec av1d-master: AV1SHIM r[0][074]=00000000
[ 4424.640170] mpp_av1dec av1d-master: AV1SHIM r[0][075]=ff490000
[ 4424.640172] mpp_av1dec av1d-master: AV1SHIM r[0][076]=00000000
[ 4424.640173] mpp_av1dec av1d-master: AV1SHIM r[0][077]=ff490000
[ 4424.640176] mpp_av1dec av1d-master: AV1SHIM r[0][078]=00000000
[ 4424.640177] mpp_av1dec av1d-master: AV1SHIM r[0][079]=ff490000
[ 4424.640179] mpp_av1dec av1d-master: AV1SHIM r[0][080]=00000000
[ 4424.640181] mpp_av1dec av1d-master: AV1SHIM r[0][081]=00000000
[ 4424.640183] mpp_av1dec av1d-master: AV1SHIM r[0][082]=00000000
[ 4424.640185] mpp_av1dec av1d-master: AV1SHIM r[0][083]=ffe17000
[ 4424.640187] mpp_av1dec av1d-master: AV1SHIM r[0][084]=00000000
[ 4424.640189] mpp_av1dec av1d-master: AV1SHIM r[0][085]=fff14500
[ 4424.640191] mpp_av1dec av1d-master: AV1SHIM r[0][086]=00000000
[ 4424.640192] mpp_av1dec av1d-master: AV1SHIM r[0][087]=00000000
[ 4424.640194] mpp_av1dec av1d-master: AV1SHIM r[0][088]=00000000
[ 4424.640196] mpp_av1dec av1d-master: AV1SHIM r[0][089]=fff16e80
[ 4424.640198] mpp_av1dec av1d-master: AV1SHIM r[0][090]=00000000
[ 4424.640200] mpp_av1dec av1d-master: AV1SHIM r[0][091]=fff23900
[ 4424.640202] mpp_av1dec av1d-master: AV1SHIM r[0][092]=00000000
[ 4424.640204] mpp_av1dec av1d-master: AV1SHIM r[0][093]=00000000
[ 4424.640206] mpp_av1dec av1d-master: AV1SHIM r[0][094]=00000000
[ 4424.640207] mpp_av1dec av1d-master: AV1SHIM r[0][095]=00000000
[ 4424.640209] mpp_av1dec av1d-master: AV1SHIM r[0][096]=00000000
[ 4424.640211] mpp_av1dec av1d-master: AV1SHIM r[0][097]=00000000
[ 4424.640213] mpp_av1dec av1d-master: AV1SHIM r[0][098]=00000000
[ 4424.640215] mpp_av1dec av1d-master: AV1SHIM r[0][099]=fe0f1000
[ 4424.640217] mpp_av1dec av1d-master: AV1SHIM r[0][100]=00000000
[ 4424.640219] mpp_av1dec av1d-master: AV1SHIM r[0][101]=ff571000
[ 4424.640220] mpp_av1dec av1d-master: AV1SHIM r[0][102]=00000000
[ 4424.640222] mpp_av1dec av1d-master: AV1SHIM r[0][103]=ff571000
[ 4424.640224] mpp_av1dec av1d-master: AV1SHIM r[0][104]=00000000
[ 4424.640226] mpp_av1dec av1d-master: AV1SHIM r[0][105]=ff571000
[ 4424.640228] mpp_av1dec av1d-master: AV1SHIM r[0][106]=00000000
[ 4424.640230] mpp_av1dec av1d-master: AV1SHIM r[0][107]=ff571000
[ 4424.640232] mpp_av1dec av1d-master: AV1SHIM r[0][108]=00000000
[ 4424.640234] mpp_av1dec av1d-master: AV1SHIM r[0][109]=ff571000
[ 4424.640236] mpp_av1dec av1d-master: AV1SHIM r[0][110]=00000000
[ 4424.640238] mpp_av1dec av1d-master: AV1SHIM r[0][111]=ff571000
[ 4424.640239] mpp_av1dec av1d-master: AV1SHIM r[0][112]=00000000
[ 4424.640241] mpp_av1dec av1d-master: AV1SHIM r[0][113]=ff571000
[ 4424.640243] mpp_av1dec av1d-master: AV1SHIM r[0][114]=00000000
[ 4424.640245] mpp_av1dec av1d-master: AV1SHIM r[0][115]=00000000
[ 4424.640247] mpp_av1dec av1d-master: AV1SHIM r[0][116]=00000000
[ 4424.640249] mpp_av1dec av1d-master: AV1SHIM r[0][117]=00000000
[ 4424.640251] mpp_av1dec av1d-master: AV1SHIM r[0][118]=00000000
[ 4424.640261] mpp_av1dec av1d-master: AV1SHIM r[0][119]=00000000
[ 4424.640265] mpp_av1dec av1d-master: AV1SHIM r[0][120]=00000000
[ 4424.640269] mpp_av1dec av1d-master: AV1SHIM r[0][121]=00000000
[ 4424.640273] mpp_av1dec av1d-master: AV1SHIM r[0][122]=00000000
[ 4424.640277] mpp_av1dec av1d-master: AV1SHIM r[0][123]=00000000
[ 4424.640281] mpp_av1dec av1d-master: AV1SHIM r[0][124]=00000000
[ 4424.640285] mpp_av1dec av1d-master: AV1SHIM r[0][125]=00000000
[ 4424.640289] mpp_av1dec av1d-master: AV1SHIM r[0][126]=00000000
[ 4424.640293] mpp_av1dec av1d-master: AV1SHIM r[0][127]=00000000
[ 4424.640297] mpp_av1dec av1d-master: AV1SHIM r[0][128]=00000000
[ 4424.640300] mpp_av1dec av1d-master: AV1SHIM r[0][129]=00000000
[ 4424.640304] mpp_av1dec av1d-master: AV1SHIM r[0][130]=00000000
[ 4424.640308] mpp_av1dec av1d-master: AV1SHIM r[0][131]=00000000
[ 4424.640312] mpp_av1dec av1d-master: AV1SHIM r[0][132]=00000000
[ 4424.640316] mpp_av1dec av1d-master: AV1SHIM r[0][133]=fe161840
[ 4424.640320] mpp_av1dec av1d-master: AV1SHIM r[0][134]=00000000
[ 4424.640323] mpp_av1dec av1d-master: AV1SHIM r[0][135]=ff5e1840
[ 4424.640327] mpp_av1dec av1d-master: AV1SHIM r[0][136]=00000000
[ 4424.640331] mpp_av1dec av1d-master: AV1SHIM r[0][137]=ff5e1840
[ 4424.640335] mpp_av1dec av1d-master: AV1SHIM r[0][138]=00000000
[ 4424.640339] mpp_av1dec av1d-master: AV1SHIM r[0][139]=ff5e1840
[ 4424.640343] mpp_av1dec av1d-master: AV1SHIM r[0][140]=00000000
[ 4424.640347] mpp_av1dec av1d-master: AV1SHIM r[0][141]=ff5e1840
[ 4424.640351] mpp_av1dec av1d-master: AV1SHIM r[0][142]=00000000
[ 4424.640355] mpp_av1dec av1d-master: AV1SHIM r[0][143]=ff5e1840
[ 4424.640359] mpp_av1dec av1d-master: AV1SHIM r[0][144]=00000000
[ 4424.640362] mpp_av1dec av1d-master: AV1SHIM r[0][145]=ff5e1840
[ 4424.640366] mpp_av1dec av1d-master: AV1SHIM r[0][146]=00000000
[ 4424.640370] mpp_av1dec av1d-master: AV1SHIM r[0][147]=ff5e1840
[ 4424.640374] mpp_av1dec av1d-master: AV1SHIM r[0][148]=00000000
[ 4424.640378] mpp_av1dec av1d-master: AV1SHIM r[0][149]=00000000
[ 4424.640382] mpp_av1dec av1d-master: AV1SHIM r[0][150]=00000000
[ 4424.640386] mpp_av1dec av1d-master: AV1SHIM r[0][151]=00000000
[ 4424.640389] mpp_av1dec av1d-master: AV1SHIM r[0][152]=00000000
[ 4424.640393] mpp_av1dec av1d-master: AV1SHIM r[0][153]=00000000
[ 4424.640397] mpp_av1dec av1d-master: AV1SHIM r[0][154]=00000000
[ 4424.640401] mpp_av1dec av1d-master: AV1SHIM r[0][155]=00000000
[ 4424.640405] mpp_av1dec av1d-master: AV1SHIM r[0][156]=00000000
[ 4424.640409] mpp_av1dec av1d-master: AV1SHIM r[0][157]=00000000
[ 4424.640411] mpp_av1dec av1d-master: AV1SHIM r[0][158]=00000000
[ 4424.640414] mpp_av1dec av1d-master: AV1SHIM r[0][159]=00000000
[ 4424.640415] mpp_av1dec av1d-master: AV1SHIM r[0][160]=00000000
[ 4424.640417] mpp_av1dec av1d-master: AV1SHIM r[0][161]=00000000
[ 4424.640419] mpp_av1dec av1d-master: AV1SHIM r[0][162]=00000000
[ 4424.640421] mpp_av1dec av1d-master: AV1SHIM r[0][163]=00000000
[ 4424.640423] mpp_av1dec av1d-master: AV1SHIM r[0][164]=00000000
[ 4424.640425] mpp_av1dec av1d-master: AV1SHIM r[0][165]=00000000
[ 4424.640427] mpp_av1dec av1d-master: AV1SHIM r[0][166]=00000000
[ 4424.640428] mpp_av1dec av1d-master: AV1SHIM r[0][167]=fff6e000
[ 4424.640430] mpp_av1dec av1d-master: AV1SHIM r[0][168]=00000000
[ 4424.640432] mpp_av1dec av1d-master: AV1SHIM r[0][169]=ff7f0010
[ 4424.640434] mpp_av1dec av1d-master: AV1SHIM r[0][170]=00000000
[ 4424.640436] mpp_av1dec av1d-master: AV1SHIM r[0][171]=ffe1c000
[ 4424.640438] mpp_av1dec av1d-master: AV1SHIM r[0][172]=00000000
[ 4424.640440] mpp_av1dec av1d-master: AV1SHIM r[0][173]=ffe18000
[ 4424.640442] mpp_av1dec av1d-master: AV1SHIM r[0][174]=00000000
[ 4424.640444] mpp_av1dec av1d-master: AV1SHIM r[0][175]=fff0f000
[ 4424.640446] mpp_av1dec av1d-master: AV1SHIM r[0][176]=00000000
[ 4424.640448] mpp_av1dec av1d-master: AV1SHIM r[0][177]=fff0f000
[ 4424.640449] mpp_av1dec av1d-master: AV1SHIM r[0][178]=00000000
[ 4424.640451] mpp_av1dec av1d-master: AV1SHIM r[0][179]=fff10000
[ 4424.640453] mpp_av1dec av1d-master: AV1SHIM r[0][180]=00000000
[ 4424.640455] mpp_av1dec av1d-master: AV1SHIM r[0][181]=00000000
[ 4424.640457] mpp_av1dec av1d-master: AV1SHIM r[0][182]=00000000
[ 4424.640459] mpp_av1dec av1d-master: AV1SHIM r[0][183]=fff12d00
[ 4424.640461] mpp_av1dec av1d-master: AV1SHIM r[0][184]=000005fe
[ 4424.640463] mpp_av1dec av1d-master: AV1SHIM r[0][185]=000005fe
[ 4424.640465] mpp_av1dec av1d-master: AV1SHIM r[0][186]=000005fe
[ 4424.640466] mpp_av1dec av1d-master: AV1SHIM r[0][187]=000005fe
[ 4424.640468] mpp_av1dec av1d-master: AV1SHIM r[0][188]=000005fe
[ 4424.640470] mpp_av1dec av1d-master: AV1SHIM r[0][189]=00000000
[ 4424.640472] mpp_av1dec av1d-master: AV1SHIM r[0][190]=00000000
[ 4424.640474] mpp_av1dec av1d-master: AV1SHIM r[0][191]=00000000
[ 4424.640476] mpp_av1dec av1d-master: AV1SHIM r[0][192]=00000000
[ 4424.640478] mpp_av1dec av1d-master: AV1SHIM r[0][193]=00000000
[ 4424.640479] mpp_av1dec av1d-master: AV1SHIM r[0][194]=00000000
[ 4424.640481] mpp_av1dec av1d-master: AV1SHIM r[0][195]=00000000
[ 4424.640483] mpp_av1dec av1d-master: AV1SHIM r[0][196]=00000000
[ 4424.640485] mpp_av1dec av1d-master: AV1SHIM r[0][197]=00000000
[ 4424.640487] mpp_av1dec av1d-master: AV1SHIM r[0][198]=00000000
[ 4424.640489] mpp_av1dec av1d-master: AV1SHIM r[0][199]=00000000
[ 4424.640491] mpp_av1dec av1d-master: AV1SHIM r[0][200]=00000000
[ 4424.640493] mpp_av1dec av1d-master: AV1SHIM r[0][201]=00000000
[ 4424.640494] mpp_av1dec av1d-master: AV1SHIM r[0][202]=00000000
[ 4424.640496] mpp_av1dec av1d-master: AV1SHIM r[0][203]=00000000
[ 4424.640498] mpp_av1dec av1d-master: AV1SHIM r[0][204]=00000000
[ 4424.640500] mpp_av1dec av1d-master: AV1SHIM r[0][205]=00000000
[ 4424.640502] mpp_av1dec av1d-master: AV1SHIM r[0][206]=00000000
[ 4424.640504] mpp_av1dec av1d-master: AV1SHIM r[0][207]=00000000
[ 4424.640505] mpp_av1dec av1d-master: AV1SHIM r[0][208]=00000000
[ 4424.640507] mpp_av1dec av1d-master: AV1SHIM r[0][209]=00000000
[ 4424.640509] mpp_av1dec av1d-master: AV1SHIM r[0][210]=00000000
[ 4424.640511] mpp_av1dec av1d-master: AV1SHIM r[0][211]=00000000
[ 4424.640515] mpp_av1dec av1d-master: AV1SHIM r[0][212]=00000000
[ 4424.640519] mpp_av1dec av1d-master: AV1SHIM r[0][213]=00000000
[ 4424.640523] mpp_av1dec av1d-master: AV1SHIM r[0][214]=00000000
[ 4424.640526] mpp_av1dec av1d-master: AV1SHIM r[0][215]=00000000
[ 4424.640530] mpp_av1dec av1d-master: AV1SHIM r[0][216]=00000000
[ 4424.640534] mpp_av1dec av1d-master: AV1SHIM r[0][217]=00000000
[ 4424.640538] mpp_av1dec av1d-master: AV1SHIM r[0][218]=00000000
[ 4424.640542] mpp_av1dec av1d-master: AV1SHIM r[0][219]=00000000
[ 4424.640546] mpp_av1dec av1d-master: AV1SHIM r[0][220]=00000000
[ 4424.640549] mpp_av1dec av1d-master: AV1SHIM r[0][221]=00000000
[ 4424.640553] mpp_av1dec av1d-master: AV1SHIM r[0][222]=00000000
[ 4424.640557] mpp_av1dec av1d-master: AV1SHIM r[0][223]=00000000
[ 4424.640561] mpp_av1dec av1d-master: AV1SHIM r[0][224]=00000000
[ 4424.640565] mpp_av1dec av1d-master: AV1SHIM r[0][225]=00000000
[ 4424.640569] mpp_av1dec av1d-master: AV1SHIM r[0][226]=00000000
[ 4424.640573] mpp_av1dec av1d-master: AV1SHIM r[0][227]=00000000
[ 4424.640577] mpp_av1dec av1d-master: AV1SHIM r[0][228]=00000000
[ 4424.640581] mpp_av1dec av1d-master: AV1SHIM r[0][229]=00000000
[ 4424.640584] mpp_av1dec av1d-master: AV1SHIM r[0][230]=00000000
[ 4424.640588] mpp_av1dec av1d-master: AV1SHIM r[0][231]=00000000
[ 4424.640592] mpp_av1dec av1d-master: AV1SHIM r[0][232]=00000000
[ 4424.640596] mpp_av1dec av1d-master: AV1SHIM r[0][233]=00000000
[ 4424.640600] mpp_av1dec av1d-master: AV1SHIM r[0][234]=00000000
[ 4424.640603] mpp_av1dec av1d-master: AV1SHIM r[0][235]=00000000
[ 4424.640607] mpp_av1dec av1d-master: AV1SHIM r[0][236]=00000000
[ 4424.640611] mpp_av1dec av1d-master: AV1SHIM r[0][237]=00000000
[ 4424.640615] mpp_av1dec av1d-master: AV1SHIM r[0][238]=00000000
[ 4424.640619] mpp_av1dec av1d-master: AV1SHIM r[0][239]=00000000
[ 4424.640623] mpp_av1dec av1d-master: AV1SHIM r[0][240]=00000000
[ 4424.640626] mpp_av1dec av1d-master: AV1SHIM r[0][241]=00000000
[ 4424.640631] mpp_av1dec av1d-master: AV1SHIM r[0][242]=00000000
[ 4424.640634] mpp_av1dec av1d-master: AV1SHIM r[0][243]=00000000
[ 4424.640638] mpp_av1dec av1d-master: AV1SHIM r[0][244]=00000000
[ 4424.640642] mpp_av1dec av1d-master: AV1SHIM r[0][245]=00000000
[ 4424.640646] mpp_av1dec av1d-master: AV1SHIM r[0][246]=00000000
[ 4424.640650] mpp_av1dec av1d-master: AV1SHIM r[0][247]=00000000
[ 4424.640654] mpp_av1dec av1d-master: AV1SHIM r[0][248]=00000000
[ 4424.640657] mpp_av1dec av1d-master: AV1SHIM r[0][249]=00000000
[ 4424.640661] mpp_av1dec av1d-master: AV1SHIM r[0][250]=00000000
[ 4424.640664] mpp_av1dec av1d-master: AV1SHIM r[0][251]=00000000
[ 4424.640666] mpp_av1dec av1d-master: AV1SHIM r[0][252]=00000000
[ 4424.640668] mpp_av1dec av1d-master: AV1SHIM r[0][253]=00000000
[ 4424.640670] mpp_av1dec av1d-master: AV1SHIM r[0][254]=00000000
[ 4424.640672] mpp_av1dec av1d-master: AV1SHIM r[0][255]=00000000
[ 4424.640674] mpp_av1dec av1d-master: AV1SHIM r[0][256]=00000000
[ 4424.640676] mpp_av1dec av1d-master: AV1SHIM r[0][257]=000005fe
[ 4424.640677] mpp_av1dec av1d-master: AV1SHIM r[0][258]=00000100
[ 4424.640680] mpp_av1dec av1d-master: AV1SHIM r[0][259]=00000000
[ 4424.640681] mpp_av1dec av1d-master: AV1SHIM r[0][260]=00000000
[ 4424.640683] mpp_av1dec av1d-master: AV1SHIM r[0][261]=00000000
[ 4424.640685] mpp_av1dec av1d-master: AV1SHIM r[0][262]=000005fe
[ 4424.640687] mpp_av1dec av1d-master: AV1SHIM r[0][263]=0000000f
[ 4424.640689] mpp_av1dec av1d-master: AV1SHIM r[0][264]=0000000f
[ 4424.640691] mpp_av1dec av1d-master: AV1SHIM r[0][265]=01004000
[ 4424.640693] mpp_av1dec av1d-master: AV1SHIM r[0][266]=00000000
[ 4424.640694] mpp_av1dec av1d-master: AV1SHIM r[0][267]=00000000
[ 4424.640696] mpp_av1dec av1d-master: AV1SHIM r[0][268]=00000000
[ 4424.640698] mpp_av1dec av1d-master: AV1SHIM r[0][269]=00000000
[ 4424.640700] mpp_av1dec av1d-master: AV1SHIM r[0][270]=00000000
[ 4424.640702] mpp_av1dec av1d-master: AV1SHIM r[0][271]=00000000
[ 4424.640704] mpp_av1dec av1d-master: AV1SHIM r[0][272]=00000000
[ 4424.640706] mpp_av1dec av1d-master: AV1SHIM r[0][273]=00000000
[ 4424.640708] mpp_av1dec av1d-master: AV1SHIM r[0][274]=00000000
[ 4424.640710] mpp_av1dec av1d-master: AV1SHIM r[0][275]=00000000
[ 4424.640711] mpp_av1dec av1d-master: AV1SHIM r[0][276]=00000000
[ 4424.640713] mpp_av1dec av1d-master: AV1SHIM r[0][277]=00000000
[ 4424.640715] mpp_av1dec av1d-master: AV1SHIM r[0][278]=00000000
[ 4424.640717] mpp_av1dec av1d-master: AV1SHIM r[0][279]=00000000
[ 4424.640719] mpp_av1dec av1d-master: AV1SHIM r[0][280]=00000000
[ 4424.640721] mpp_av1dec av1d-master: AV1SHIM r[0][281]=00000000
[ 4424.640723] mpp_av1dec av1d-master: AV1SHIM r[0][282]=00000000
[ 4424.640724] mpp_av1dec av1d-master: AV1SHIM r[0][283]=00000000
[ 4424.640726] mpp_av1dec av1d-master: AV1SHIM r[0][284]=00000000
[ 4424.640728] mpp_av1dec av1d-master: AV1SHIM r[0][285]=00000000
[ 4424.640730] mpp_av1dec av1d-master: AV1SHIM r[0][286]=00000000
[ 4424.640732] mpp_av1dec av1d-master: AV1SHIM r[0][287]=00000000
[ 4424.640734] mpp_av1dec av1d-master: AV1SHIM r[0][288]=00000000
[ 4424.640736] mpp_av1dec av1d-master: AV1SHIM r[0][289]=00000000
[ 4424.640738] mpp_av1dec av1d-master: AV1SHIM r[0][290]=00000000
[ 4424.640739] mpp_av1dec av1d-master: AV1SHIM r[0][291]=00000000
[ 4424.640741] mpp_av1dec av1d-master: AV1SHIM r[0][292]=00000000
[ 4424.640743] mpp_av1dec av1d-master: AV1SHIM r[0][293]=00000000
[ 4424.640745] mpp_av1dec av1d-master: AV1SHIM r[0][294]=00000000
[ 4424.640747] mpp_av1dec av1d-master: AV1SHIM r[0][295]=00000000
[ 4424.640749] mpp_av1dec av1d-master: AV1SHIM r[0][296]=00000000
[ 4424.640751] mpp_av1dec av1d-master: AV1SHIM r[0][297]=00000000
[ 4424.640753] mpp_av1dec av1d-master: AV1SHIM r[0][298]=000e000e
[ 4424.640754] mpp_av1dec av1d-master: AV1SHIM r[0][299]=00000000
[ 4424.640757] mpp_av1dec av1d-master: AV1SHIM r[0][300]=00000000
[ 4424.640758] mpp_av1dec av1d-master: AV1SHIM r[0][301]=00000000
[ 4424.640760] mpp_av1dec av1d-master: AV1SHIM r[0][302]=00000000
[ 4424.640762] mpp_av1dec av1d-master: AV1SHIM r[0][303]=00000000
[ 4424.640764] mpp_av1dec av1d-master: AV1SHIM r[0][304]=00000000
[ 4424.640766] mpp_av1dec av1d-master: AV1SHIM r[0][305]=00000000
[ 4424.640770] mpp_av1dec av1d-master: AV1SHIM r[0][306]=00000000
[ 4424.640773] mpp_av1dec av1d-master: AV1SHIM r[0][307]=00000000
[ 4424.640777] mpp_av1dec av1d-master: AV1SHIM r[0][308]=00000000
[ 4424.640781] mpp_av1dec av1d-master: AV1SHIM r[0][309]=00000000
[ 4424.640785] mpp_av1dec av1d-master: AV1SHIM r[0][310]=00000000
[ 4424.640789] mpp_av1dec av1d-master: AV1SHIM r[0][311]=00000000
[ 4424.640792] mpp_av1dec av1d-master: AV1SHIM r[0][312]=00000000
[ 4424.640796] mpp_av1dec av1d-master: AV1SHIM r[0][313]=00000000
[ 4424.640800] mpp_av1dec av1d-master: AV1SHIM r[0][314]=00000040
[ 4424.640803] mpp_av1dec av1d-master: AV1SHIM r[0][315]=00000000
[ 4424.640807] mpp_av1dec av1d-master: AV1SHIM r[0][316]=00000000
[ 4424.640811] mpp_av1dec av1d-master: AV1SHIM r[0][317]=00000000
[ 4424.640815] mpp_av1dec av1d-master: AV1SHIM r[0][318]=8fffffff
[ 4424.640818] mpp_av1dec av1d-master: AV1SHIM r[0][319]=8fffffff
[ 4424.640822] mpp_av1dec av1d-master: AV1SHIM r[0][320]=00000001
[ 4424.640826] mpp_av1dec av1d-master: AV1SHIM r[0][321]=00000000
[ 4424.640829] mpp_av1dec av1d-master: AV1SHIM r[0][322]=000c0000
[ 4424.640833] mpp_av1dec av1d-master: AV1SHIM r[0][323]=00000000
[ 4424.640837] mpp_av1dec av1d-master: AV1SHIM r[0][324]=00000000
[ 4424.640841] mpp_av1dec av1d-master: AV1SHIM r[0][325]=00000000
[ 4424.640844] mpp_av1dec av1d-master: AV1SHIM r[0][326]=ff2c0000
[ 4424.640848] mpp_av1dec av1d-master: AV1SHIM r[0][327]=00000000
[ 4424.640852] mpp_av1dec av1d-master: AV1SHIM r[0][328]=ff3a1000
[ 4424.640855] mpp_av1dec av1d-master: AV1SHIM r[0][329]=05000500
[ 4424.640859] mpp_av1dec av1d-master: AV1SHIM r[0][330]=00000000
[ 4424.640863] mpp_av1dec av1d-master: AV1SHIM r[0][331]=02800168
[ 4424.640866] mpp_av1dec av1d-master: AV1SHIM r[0][332]=050002d0
[ 4424.640870] mpp_av1dec av1d-master: AV1SHIM r[0][333]=00000000
[ 4424.640874] mpp_av1dec av1d-master: AV1SHIM r[0][334]=00000000
[ 4424.640878] mpp_av1dec av1d-master: AV1SHIM r[0][335]=00000000
[ 4424.640881] mpp_av1dec av1d-master: AV1SHIM r[0][336]=00000000
[ 4424.640885] mpp_av1dec av1d-master: AV1SHIM r[0][337]=00000000
[ 4424.640889] mpp_av1dec av1d-master: AV1SHIM r[0][338]=00000000
[ 4424.640892] mpp_av1dec av1d-master: AV1SHIM r[0][339]=00000000
[ 4424.640896] mpp_av1dec av1d-master: AV1SHIM r[0][340]=00000000
[ 4424.640900] mpp_av1dec av1d-master: AV1SHIM r[0][341]=00000000
[ 4424.640903] mpp_av1dec av1d-master: AV1SHIM r[0][342]=00000000
[ 4424.640905] mpp_av1dec av1d-master: AV1SHIM r[0][343]=00000000
[ 4424.640907] mpp_av1dec av1d-master: AV1SHIM r[0][344]=00000000
[ 4424.640909] mpp_av1dec av1d-master: AV1SHIM r[0][345]=00000000
[ 4424.640911] mpp_av1dec av1d-master: AV1SHIM r[0][346]=00000000
[ 4424.640913] mpp_av1dec av1d-master: AV1SHIM r[0][347]=00000000
[ 4424.640915] mpp_av1dec av1d-master: AV1SHIM r[0][348]=00000000
[ 4424.640917] mpp_av1dec av1d-master: AV1SHIM r[0][349]=00000000
[ 4424.640918] mpp_av1dec av1d-master: AV1SHIM r[0][350]=00000000
[ 4424.640920] mpp_av1dec av1d-master: AV1SHIM r[0][351]=00000000
[ 4424.640922] mpp_av1dec av1d-master: AV1SHIM r[0][352]=00000000
[ 4424.640924] mpp_av1dec av1d-master: AV1SHIM r[0][353]=00000000
[ 4424.640926] mpp_av1dec av1d-master: AV1SHIM r[0][354]=00000000
[ 4424.640928] mpp_av1dec av1d-master: AV1SHIM r[0][355]=00000000
[ 4424.640930] mpp_av1dec av1d-master: AV1SHIM r[0][356]=00000000
[ 4424.640932] mpp_av1dec av1d-master: AV1SHIM r[0][357]=00000000
[ 4424.640933] mpp_av1dec av1d-master: AV1SHIM r[0][358]=00000000
[ 4424.640935] mpp_av1dec av1d-master: AV1SHIM r[0][359]=00000000
[ 4424.640937] mpp_av1dec av1d-master: AV1SHIM r[0][360]=00000000
[ 4424.640939] mpp_av1dec av1d-master: AV1SHIM r[0][361]=00000000
[ 4424.640941] mpp_av1dec av1d-master: AV1SHIM r[0][362]=00000000
[ 4424.640943] mpp_av1dec av1d-master: AV1SHIM r[0][363]=00000000
[ 4424.640945] mpp_av1dec av1d-master: AV1SHIM r[0][364]=00000000
[ 4424.640946] mpp_av1dec av1d-master: AV1SHIM r[0][365]=00000000
[ 4424.640948] mpp_av1dec av1d-master: AV1SHIM r[0][366]=00000000
[ 4424.640950] mpp_av1dec av1d-master: AV1SHIM r[0][367]=00000000
[ 4424.640952] mpp_av1dec av1d-master: AV1SHIM r[0][368]=00000000
[ 4424.640954] mpp_av1dec av1d-master: AV1SHIM r[0][369]=00000000
[ 4424.640956] mpp_av1dec av1d-master: AV1SHIM r[0][370]=00000000
[ 4424.640958] mpp_av1dec av1d-master: AV1SHIM r[0][371]=00000000
[ 4424.640960] mpp_av1dec av1d-master: AV1SHIM r[0][372]=00000000
[ 4424.640961] mpp_av1dec av1d-master: AV1SHIM r[0][373]=00000000
[ 4424.640963] mpp_av1dec av1d-master: AV1SHIM r[0][374]=00000000
[ 4424.640965] mpp_av1dec av1d-master: AV1SHIM r[0][375]=00000000
[ 4424.640967] mpp_av1dec av1d-master: AV1SHIM r[0][376]=00000000
[ 4424.640969] mpp_av1dec av1d-master: AV1SHIM r[0][377]=00000000
[ 4424.640971] mpp_av1dec av1d-master: AV1SHIM r[0][378]=00000000
[ 4424.640973] mpp_av1dec av1d-master: AV1SHIM r[0][379]=00000000
[ 4424.640974] mpp_av1dec av1d-master: AV1SHIM r[0][380]=00000000
[ 4424.640976] mpp_av1dec av1d-master: AV1SHIM r[0][381]=00000000
[ 4424.640978] mpp_av1dec av1d-master: AV1SHIM r[0][382]=00000000
[ 4424.640980] mpp_av1dec av1d-master: AV1SHIM r[0][383]=00000000
[ 4424.640982] mpp_av1dec av1d-master: AV1SHIM r[0][384]=00000000
[ 4424.640984] mpp_av1dec av1d-master: AV1SHIM r[0][385]=00000000
[ 4424.640985] mpp_av1dec av1d-master: AV1SHIM r[0][386]=00000000
[ 4424.640988] mpp_av1dec av1d-master: AV1SHIM r[0][387]=00000000
[ 4424.640989] mpp_av1dec av1d-master: AV1SHIM r[0][388]=00000000
[ 4424.640991] mpp_av1dec av1d-master: AV1SHIM r[0][389]=00000000
[ 4424.640993] mpp_av1dec av1d-master: AV1SHIM r[0][390]=00000000
[ 4424.640995] mpp_av1dec av1d-master: AV1SHIM r[0][391]=00000000
[ 4424.640997] mpp_av1dec av1d-master: AV1SHIM r[0][392]=00000000
[ 4424.640999] mpp_av1dec av1d-master: AV1SHIM r[0][393]=00000000
[ 4424.641001] mpp_av1dec av1d-master: AV1SHIM r[0][394]=01010000
[ 4424.641002] mpp_av1dec av1d-master: AV1SHIM r[0][395]=00000000
[ 4424.641004] mpp_av1dec av1d-master: AV1SHIM r[0][396]=00000000
[ 4424.641006] mpp_av1dec av1d-master: AV1SHIM r[0][397]=00000000
[ 4424.641008] mpp_av1dec av1d-master: AV1SHIM r[0][398]=00000000
[ 4424.641010] mpp_av1dec av1d-master: AV1SHIM r[0][399]=00000000
[ 4424.641014] mpp_av1dec av1d-master: AV1SHIM r[0][400]=00000000
[ 4424.641018] mpp_av1dec av1d-master: AV1SHIM r[0][401]=00000000
[ 4424.641022] mpp_av1dec av1d-master: AV1SHIM r[0][402]=00000000
[ 4424.641026] mpp_av1dec av1d-master: AV1SHIM r[0][403]=00000000
[ 4424.641030] mpp_av1dec av1d-master: AV1SHIM r[0][404]=00000000
[ 4424.641033] mpp_av1dec av1d-master: AV1SHIM r[0][405]=00000000
[ 4424.641037] mpp_av1dec av1d-master: AV1SHIM r[0][406]=00000000
[ 4424.641041] mpp_av1dec av1d-master: AV1SHIM r[0][407]=00000000
[ 4424.641045] mpp_av1dec av1d-master: AV1SHIM r[0][408]=00000000
[ 4424.641049] mpp_av1dec av1d-master: AV1SHIM r[0][409]=00000000
[ 4424.641053] mpp_av1dec av1d-master: AV1SHIM r[0][410]=00000000
[ 4424.641056] mpp_av1dec av1d-master: AV1SHIM r[0][411]=00000000
[ 4424.641060] mpp_av1dec av1d-master: AV1SHIM r[0][412]=00000000
[ 4424.641064] mpp_av1dec av1d-master: AV1SHIM r[0][413]=00000000
[ 4424.641068] mpp_av1dec av1d-master: AV1SHIM r[0][414]=00000000
[ 4424.641072] mpp_av1dec av1d-master: AV1SHIM r[0][415]=00000000
[ 4424.641076] mpp_av1dec av1d-master: AV1SHIM r[0][416]=00000000
[ 4424.641079] mpp_av1dec av1d-master: AV1SHIM r[0][417]=00000000
[ 4424.641083] mpp_av1dec av1d-master: AV1SHIM r[0][418]=00000000
[ 4424.641087] mpp_av1dec av1d-master: AV1SHIM r[0][419]=00000000
[ 4424.641091] mpp_av1dec av1d-master: AV1SHIM r[0][420]=00000000
[ 4424.641095] mpp_av1dec av1d-master: AV1SHIM r[0][421]=00000000
[ 4424.641098] mpp_av1dec av1d-master: AV1SHIM r[0][422]=00000000
[ 4424.641102] mpp_av1dec av1d-master: AV1SHIM r[0][423]=00000000
[ 4424.641106] mpp_av1dec av1d-master: AV1SHIM r[0][424]=00000000
[ 4424.641110] mpp_av1dec av1d-master: AV1SHIM r[0][425]=00000000
[ 4424.641114] mpp_av1dec av1d-master: AV1SHIM r[0][426]=00000000
[ 4424.641118] mpp_av1dec av1d-master: AV1SHIM r[0][427]=00000000
[ 4424.641121] mpp_av1dec av1d-master: AV1SHIM r[0][428]=00000000
[ 4424.641123] mpp_av1dec av1d-master: AV1SHIM r[0][429]=00000000
[ 4424.641125] mpp_av1dec av1d-master: AV1SHIM r[0][430]=00000000
[ 4424.641127] mpp_av1dec av1d-master: AV1SHIM r[0][431]=00000000
[ 4424.641129] mpp_av1dec av1d-master: AV1SHIM r[0][432]=00000000
[ 4424.641131] mpp_av1dec av1d-master: AV1SHIM r[0][433]=00000000
[ 4424.641133] mpp_av1dec av1d-master: AV1SHIM r[0][434]=00000000
[ 4424.641135] mpp_av1dec av1d-master: AV1SHIM r[0][435]=00000000
[ 4424.641137] mpp_av1dec av1d-master: AV1SHIM r[0][436]=00000000
[ 4424.641139] mpp_av1dec av1d-master: AV1SHIM r[0][437]=00000000
[ 4424.641141] mpp_av1dec av1d-master: AV1SHIM r[0][438]=00000000
[ 4424.641142] mpp_av1dec av1d-master: AV1SHIM r[0][439]=00000000
[ 4424.641144] mpp_av1dec av1d-master: AV1SHIM r[0][440]=00000000
[ 4424.641146] mpp_av1dec av1d-master: AV1SHIM r[0][441]=00000000
[ 4424.641148] mpp_av1dec av1d-master: AV1SHIM r[0][442]=00000000
[ 4424.641150] mpp_av1dec av1d-master: AV1SHIM r[0][443]=00000000
[ 4424.641152] mpp_av1dec av1d-master: AV1SHIM r[0][444]=00000000
[ 4424.641154] mpp_av1dec av1d-master: AV1SHIM r[0][445]=00000000
[ 4424.641156] mpp_av1dec av1d-master: AV1SHIM r[0][446]=00000000
[ 4424.641158] mpp_av1dec av1d-master: AV1SHIM r[0][447]=00000000
[ 4424.641159] mpp_av1dec av1d-master: AV1SHIM r[0][448]=00000000
[ 4424.641161] mpp_av1dec av1d-master: AV1SHIM r[0][449]=00000000
[ 4424.641163] mpp_av1dec av1d-master: AV1SHIM r[0][450]=00000000
[ 4424.641165] mpp_av1dec av1d-master: AV1SHIM r[0][451]=00000000
[ 4424.641167] mpp_av1dec av1d-master: AV1SHIM r[0][452]=00000000
[ 4424.641169] mpp_av1dec av1d-master: AV1SHIM r[0][453]=00000000
[ 4424.641171] mpp_av1dec av1d-master: AV1SHIM r[0][454]=00000000
[ 4424.641172] mpp_av1dec av1d-master: AV1SHIM r[0][455]=00000000
[ 4424.641174] mpp_av1dec av1d-master: AV1SHIM r[0][456]=00000000
[ 4424.641176] mpp_av1dec av1d-master: AV1SHIM r[0][457]=00000000
[ 4424.641178] mpp_av1dec av1d-master: AV1SHIM r[0][458]=00000000
[ 4424.641180] mpp_av1dec av1d-master: AV1SHIM r[0][459]=00000000
[ 4424.641182] mpp_av1dec av1d-master: AV1SHIM r[0][460]=00000000
[ 4424.641184] mpp_av1dec av1d-master: AV1SHIM r[0][461]=00000000
[ 4424.641186] mpp_av1dec av1d-master: AV1SHIM r[0][462]=00000000
[ 4424.641187] mpp_av1dec av1d-master: AV1SHIM r[0][463]=00000000
[ 4424.641189] mpp_av1dec av1d-master: AV1SHIM r[0][464]=00000000
[ 4424.641191] mpp_av1dec av1d-master: AV1SHIM r[0][465]=00000000
[ 4424.641193] mpp_av1dec av1d-master: AV1SHIM r[0][466]=00000000
[ 4424.641195] mpp_av1dec av1d-master: AV1SHIM r[0][467]=00000000
[ 4424.641197] mpp_av1dec av1d-master: AV1SHIM r[0][468]=00000000
[ 4424.641199] mpp_av1dec av1d-master: AV1SHIM r[0][469]=00000000
[ 4424.641200] mpp_av1dec av1d-master: AV1SHIM r[0][470]=00000000
[ 4424.641204] mpp_av1dec av1d-master: AV1SHIM r[0][471]=00000000
[ 4424.641208] mpp_av1dec av1d-master: AV1SHIM r[0][472]=00000000
[ 4424.641212] mpp_av1dec av1d-master: AV1SHIM r[0][473]=00000000
[ 4424.641216] mpp_av1dec av1d-master: AV1SHIM r[0][474]=00000000
[ 4424.641220] mpp_av1dec av1d-master: AV1SHIM r[0][475]=00000000
[ 4424.641223] mpp_av1dec av1d-master: AV1SHIM r[0][476]=00000000
[ 4424.641227] mpp_av1dec av1d-master: AV1SHIM r[0][477]=00000000
[ 4424.641231] mpp_av1dec av1d-master: AV1SHIM r[0][478]=00000000
[ 4424.641235] mpp_av1dec av1d-master: AV1SHIM r[0][479]=00000000
[ 4424.641239] mpp_av1dec av1d-master: AV1SHIM r[0][480]=00000000
[ 4424.641243] mpp_av1dec av1d-master: AV1SHIM r[0][481]=00000000
[ 4424.641247] mpp_av1dec av1d-master: AV1SHIM r[0][482]=00000000
[ 4424.641250] mpp_av1dec av1d-master: AV1SHIM r[0][483]=00000000
[ 4424.641254] mpp_av1dec av1d-master: AV1SHIM r[0][484]=00000000
[ 4424.641258] mpp_av1dec av1d-master: AV1SHIM r[0][485]=00000000
[ 4424.641262] mpp_av1dec av1d-master: AV1SHIM r[0][486]=00000000
[ 4424.641266] mpp_av1dec av1d-master: AV1SHIM r[0][487]=00000000
[ 4424.641270] mpp_av1dec av1d-master: AV1SHIM r[0][488]=00000000
[ 4424.641273] mpp_av1dec av1d-master: AV1SHIM r[0][489]=00000000
[ 4424.641277] mpp_av1dec av1d-master: AV1SHIM r[0][490]=00000000
[ 4424.641281] mpp_av1dec av1d-master: AV1SHIM r[0][491]=00000000
[ 4424.641285] mpp_av1dec av1d-master: AV1SHIM r[0][492]=00000000
[ 4424.641286] mpp_av1dec av1d-master: AV1SHIM r[0][493]=00000000
[ 4424.641289] mpp_av1dec av1d-master: AV1SHIM r[0][494]=00000000
[ 4424.641290] mpp_av1dec av1d-master: AV1SHIM r[0][495]=00000000
[ 4424.641292] mpp_av1dec av1d-master: AV1SHIM r[0][496]=00000000
[ 4424.641294] mpp_av1dec av1d-master: AV1SHIM r[0][497]=00000000
[ 4424.641296] mpp_av1dec av1d-master: AV1SHIM r[0][498]=00000000
[ 4424.641298] mpp_av1dec av1d-master: AV1SHIM r[0][499]=00000000
[ 4424.641300] mpp_av1dec av1d-master: AV1SHIM r[0][500]=00000000
[ 4424.641302] mpp_av1dec av1d-master: AV1SHIM r[0][501]=00000000
[ 4424.641304] mpp_av1dec av1d-master: AV1SHIM r[0][502]=00000000
[ 4424.641305] mpp_av1dec av1d-master: AV1SHIM r[0][503]=00000000
[ 4424.641307] mpp_av1dec av1d-master: AV1SHIM r[0][504]=00000000
[ 4424.641309] mpp_av1dec av1d-master: AV1SHIM r[0][505]=00000000
[ 4424.641311] mpp_av1dec av1d-master: AV1SHIM r[0][506]=00000000
[ 4424.641313] mpp_av1dec av1d-master: AV1SHIM r[0][507]=00000000
[ 4424.641315] mpp_av1dec av1d-master: AV1SHIM r[0][508]=00000000
[ 4424.641317] mpp_av1dec av1d-master: AV1SHIM r[0][509]=00000000
[ 4424.641319] mpp_av1dec av1d-master: AV1SHIM r[0][510]=00000000
[ 4424.641321] mpp_av1dec av1d-master: AV1SHIM r[0][511]=00000000
[ 4424.641322] mpp_av1dec av1d-master: AV1SHIM class=1 count=166
[ 4424.641324] mpp_av1dec av1d-master: AV1SHIM r[1][000]=00000000
[ 4424.641326] mpp_av1dec av1d-master: AV1SHIM r[1][001]=00000000
[ 4424.641328] mpp_av1dec av1d-master: AV1SHIM r[1][002]=00000000
[ 4424.641330] mpp_av1dec av1d-master: AV1SHIM r[1][003]=00000000
[ 4424.641332] mpp_av1dec av1d-master: AV1SHIM r[1][004]=00000000
[ 4424.641333] mpp_av1dec av1d-master: AV1SHIM r[1][005]=00000000
[ 4424.641335] mpp_av1dec av1d-master: AV1SHIM r[1][006]=00000000
[ 4424.641337] mpp_av1dec av1d-master: AV1SHIM r[1][007]=00000000
[ 4424.641340] mpp_av1dec av1d-master: AV1SHIM r[1][008]=00000000
[ 4424.641344] mpp_av1dec av1d-master: AV1SHIM r[1][009]=00000000
[ 4424.641348] mpp_av1dec av1d-master: AV1SHIM r[1][010]=00000000
[ 4424.641352] mpp_av1dec av1d-master: AV1SHIM r[1][011]=00000000
[ 4424.641356] mpp_av1dec av1d-master: AV1SHIM r[1][012]=00000000
[ 4424.641360] mpp_av1dec av1d-master: AV1SHIM r[1][013]=00000000
[ 4424.641364] mpp_av1dec av1d-master: AV1SHIM r[1][014]=00000000
[ 4424.641368] mpp_av1dec av1d-master: AV1SHIM r[1][015]=00000000
[ 4424.641372] mpp_av1dec av1d-master: AV1SHIM r[1][016]=00000000
[ 4424.641376] mpp_av1dec av1d-master: AV1SHIM r[1][017]=00000000
[ 4424.641379] mpp_av1dec av1d-master: AV1SHIM r[1][018]=00000000
[ 4424.641383] mpp_av1dec av1d-master: AV1SHIM r[1][019]=00000000
[ 4424.641387] mpp_av1dec av1d-master: AV1SHIM r[1][020]=00000000
[ 4424.641391] mpp_av1dec av1d-master: AV1SHIM r[1][021]=00000000
[ 4424.641395] mpp_av1dec av1d-master: AV1SHIM r[1][022]=00000000
[ 4424.641398] mpp_av1dec av1d-master: AV1SHIM r[1][023]=00000000
[ 4424.641400] mpp_av1dec av1d-master: AV1SHIM r[1][024]=00000000
[ 4424.641401] mpp_av1dec av1d-master: AV1SHIM r[1][025]=00000000
[ 4424.641403] mpp_av1dec av1d-master: AV1SHIM r[1][026]=00000000
[ 4424.641405] mpp_av1dec av1d-master: AV1SHIM r[1][027]=00000000
[ 4424.641407] mpp_av1dec av1d-master: AV1SHIM r[1][028]=00000000
[ 4424.641409] mpp_av1dec av1d-master: AV1SHIM r[1][029]=00000000
[ 4424.641411] mpp_av1dec av1d-master: AV1SHIM r[1][030]=00000000
[ 4424.641413] mpp_av1dec av1d-master: AV1SHIM r[1][031]=00000000
[ 4424.641415] mpp_av1dec av1d-master: AV1SHIM r[1][032]=00000000
[ 4424.641416] mpp_av1dec av1d-master: AV1SHIM r[1][033]=00000000
[ 4424.641418] mpp_av1dec av1d-master: AV1SHIM r[1][034]=00000000
[ 4424.641420] mpp_av1dec av1d-master: AV1SHIM r[1][035]=00000000
[ 4424.641422] mpp_av1dec av1d-master: AV1SHIM r[1][036]=00000000
[ 4424.641424] mpp_av1dec av1d-master: AV1SHIM r[1][037]=00000000
[ 4424.641426] mpp_av1dec av1d-master: AV1SHIM r[1][038]=00000000
[ 4424.641428] mpp_av1dec av1d-master: AV1SHIM r[1][039]=00000000
[ 4424.641429] mpp_av1dec av1d-master: AV1SHIM r[1][040]=00000000
[ 4424.641431] mpp_av1dec av1d-master: AV1SHIM r[1][041]=00000000
[ 4424.641433] mpp_av1dec av1d-master: AV1SHIM r[1][042]=00000000
[ 4424.641435] mpp_av1dec av1d-master: AV1SHIM r[1][043]=00000000
[ 4424.641437] mpp_av1dec av1d-master: AV1SHIM r[1][044]=00000000
[ 4424.641441] mpp_av1dec av1d-master: AV1SHIM r[1][045]=00000000
[ 4424.641445] mpp_av1dec av1d-master: AV1SHIM r[1][046]=00000000
[ 4424.641449] mpp_av1dec av1d-master: AV1SHIM r[1][047]=00000000
[ 4424.641452] mpp_av1dec av1d-master: AV1SHIM r[1][048]=00000000
[ 4424.641456] mpp_av1dec av1d-master: AV1SHIM r[1][049]=00000000
[ 4424.641460] mpp_av1dec av1d-master: AV1SHIM r[1][050]=00000000
[ 4424.641464] mpp_av1dec av1d-master: AV1SHIM r[1][051]=00000000
[ 4424.641467] mpp_av1dec av1d-master: AV1SHIM r[1][052]=00000000
[ 4424.641471] mpp_av1dec av1d-master: AV1SHIM r[1][053]=00000000
[ 4424.641475] mpp_av1dec av1d-master: AV1SHIM r[1][054]=00000000
[ 4424.641479] mpp_av1dec av1d-master: AV1SHIM r[1][055]=00000000
[ 4424.641480] mpp_av1dec av1d-master: AV1SHIM r[1][056]=00000000
[ 4424.641482] mpp_av1dec av1d-master: AV1SHIM r[1][057]=00000000
[ 4424.641484] mpp_av1dec av1d-master: AV1SHIM r[1][058]=00000000
[ 4424.641486] mpp_av1dec av1d-master: AV1SHIM r[1][059]=00000000
[ 4424.641488] mpp_av1dec av1d-master: AV1SHIM r[1][060]=00000000
[ 4424.641490] mpp_av1dec av1d-master: AV1SHIM r[1][061]=00000000
[ 4424.641492] mpp_av1dec av1d-master: AV1SHIM r[1][062]=00000000
[ 4424.641494] mpp_av1dec av1d-master: AV1SHIM r[1][063]=00000000
[ 4424.641496] mpp_av1dec av1d-master: AV1SHIM r[1][064]=00000000
[ 4424.641497] mpp_av1dec av1d-master: AV1SHIM r[1][065]=00000000
[ 4424.641499] mpp_av1dec av1d-master: AV1SHIM r[1][066]=00000000
[ 4424.641501] mpp_av1dec av1d-master: AV1SHIM r[1][067]=00000000
[ 4424.641503] mpp_av1dec av1d-master: AV1SHIM r[1][068]=00000000
[ 4424.641505] mpp_av1dec av1d-master: AV1SHIM r[1][069]=00000000
[ 4424.641507] mpp_av1dec av1d-master: AV1SHIM r[1][070]=00000000
[ 4424.641511] mpp_av1dec av1d-master: AV1SHIM r[1][071]=00000000
[ 4424.641515] mpp_av1dec av1d-master: AV1SHIM r[1][072]=00000000
[ 4424.641518] mpp_av1dec av1d-master: AV1SHIM r[1][073]=00000000
[ 4424.641522] mpp_av1dec av1d-master: AV1SHIM r[1][074]=00000000
[ 4424.641526] mpp_av1dec av1d-master: AV1SHIM r[1][075]=00000000
[ 4424.641530] mpp_av1dec av1d-master: AV1SHIM r[1][076]=00000000
[ 4424.641534] mpp_av1dec av1d-master: AV1SHIM r[1][077]=00000000
[ 4424.641538] mpp_av1dec av1d-master: AV1SHIM r[1][078]=00000000
[ 4424.641539] mpp_av1dec av1d-master: AV1SHIM r[1][079]=00000000
[ 4424.641541] mpp_av1dec av1d-master: AV1SHIM r[1][080]=00000000
[ 4424.641543] mpp_av1dec av1d-master: AV1SHIM r[1][081]=00000000
[ 4424.641545] mpp_av1dec av1d-master: AV1SHIM r[1][082]=00000000
[ 4424.641547] mpp_av1dec av1d-master: AV1SHIM r[1][083]=00000000
[ 4424.641549] mpp_av1dec av1d-master: AV1SHIM r[1][084]=00000000
[ 4424.641551] mpp_av1dec av1d-master: AV1SHIM r[1][085]=00000000
[ 4424.641553] mpp_av1dec av1d-master: AV1SHIM r[1][086]=00000000
[ 4424.641555] mpp_av1dec av1d-master: AV1SHIM r[1][087]=00000000
[ 4424.641556] mpp_av1dec av1d-master: AV1SHIM r[1][088]=00000000
[ 4424.641558] mpp_av1dec av1d-master: AV1SHIM r[1][089]=00000000
[ 4424.641560] mpp_av1dec av1d-master: AV1SHIM r[1][090]=00000000
[ 4424.641562] mpp_av1dec av1d-master: AV1SHIM r[1][091]=00000000
[ 4424.641564] mpp_av1dec av1d-master: AV1SHIM r[1][092]=00000000
[ 4424.641566] mpp_av1dec av1d-master: AV1SHIM r[1][093]=00000000
[ 4424.641568] mpp_av1dec av1d-master: AV1SHIM r[1][094]=00000000
[ 4424.641569] mpp_av1dec av1d-master: AV1SHIM r[1][095]=00000000
[ 4424.641571] mpp_av1dec av1d-master: AV1SHIM r[1][096]=00000000
[ 4424.641573] mpp_av1dec av1d-master: AV1SHIM r[1][097]=00000000
[ 4424.641575] mpp_av1dec av1d-master: AV1SHIM r[1][098]=00000000
[ 4424.641577] mpp_av1dec av1d-master: AV1SHIM r[1][099]=00000000
[ 4424.641581] mpp_av1dec av1d-master: AV1SHIM r[1][100]=00000000
[ 4424.641585] mpp_av1dec av1d-master: AV1SHIM r[1][101]=00000000
[ 4424.641588] mpp_av1dec av1d-master: AV1SHIM r[1][102]=00000000
[ 4424.641592] mpp_av1dec av1d-master: AV1SHIM r[1][103]=00000000
[ 4424.641596] mpp_av1dec av1d-master: AV1SHIM r[1][104]=00000000
[ 4424.641600] mpp_av1dec av1d-master: AV1SHIM r[1][105]=00000000
[ 4424.641604] mpp_av1dec av1d-master: AV1SHIM r[1][106]=00000000
[ 4424.641607] mpp_av1dec av1d-master: AV1SHIM r[1][107]=00000000
[ 4424.641611] mpp_av1dec av1d-master: AV1SHIM r[1][108]=00000000
[ 4424.641615] mpp_av1dec av1d-master: AV1SHIM r[1][109]=00000000
[ 4424.641618] mpp_av1dec av1d-master: AV1SHIM r[1][110]=00000000
[ 4424.641620] mpp_av1dec av1d-master: AV1SHIM r[1][111]=00000000
[ 4424.641622] mpp_av1dec av1d-master: AV1SHIM r[1][112]=00000000
[ 4424.641624] mpp_av1dec av1d-master: AV1SHIM r[1][113]=00000000
[ 4424.641626] mpp_av1dec av1d-master: AV1SHIM r[1][114]=00000000
[ 4424.641628] mpp_av1dec av1d-master: AV1SHIM r[1][115]=00000000
[ 4424.641630] mpp_av1dec av1d-master: AV1SHIM r[1][116]=00000000
[ 4424.641632] mpp_av1dec av1d-master: AV1SHIM r[1][117]=00000000
[ 4424.641634] mpp_av1dec av1d-master: AV1SHIM r[1][118]=00000000
[ 4424.641635] mpp_av1dec av1d-master: AV1SHIM r[1][119]=00000000
[ 4424.641637] mpp_av1dec av1d-master: AV1SHIM r[1][120]=00000000
[ 4424.641639] mpp_av1dec av1d-master: AV1SHIM r[1][121]=00000000
[ 4424.641641] mpp_av1dec av1d-master: AV1SHIM r[1][122]=00000000
[ 4424.641643] mpp_av1dec av1d-master: AV1SHIM r[1][123]=00000000
[ 4424.641645] mpp_av1dec av1d-master: AV1SHIM r[1][124]=00000000
[ 4424.641647] mpp_av1dec av1d-master: AV1SHIM r[1][125]=00000000
[ 4424.641648] mpp_av1dec av1d-master: AV1SHIM r[1][126]=00000000
[ 4424.641650] mpp_av1dec av1d-master: AV1SHIM r[1][127]=00000000
[ 4424.641655] mpp_av1dec av1d-master: AV1SHIM r[1][128]=00000000
[ 4424.641659] mpp_av1dec av1d-master: AV1SHIM r[1][129]=00000000
[ 4424.641662] mpp_av1dec av1d-master: AV1SHIM r[1][130]=00000000
[ 4424.641667] mpp_av1dec av1d-master: AV1SHIM r[1][131]=00000000
[ 4424.641670] mpp_av1dec av1d-master: AV1SHIM r[1][132]=00000000
[ 4424.641674] mpp_av1dec av1d-master: AV1SHIM r[1][133]=00000000
[ 4424.641678] mpp_av1dec av1d-master: AV1SHIM r[1][134]=00000000
[ 4424.641682] mpp_av1dec av1d-master: AV1SHIM r[1][135]=00000000
[ 4424.641686] mpp_av1dec av1d-master: AV1SHIM r[1][136]=00000000
[ 4424.641688] mpp_av1dec av1d-master: AV1SHIM r[1][137]=00000000
[ 4424.641690] mpp_av1dec av1d-master: AV1SHIM r[1][138]=00000000
[ 4424.641691] mpp_av1dec av1d-master: AV1SHIM r[1][139]=00000000
[ 4424.641693] mpp_av1dec av1d-master: AV1SHIM r[1][140]=00000000
[ 4424.641695] mpp_av1dec av1d-master: AV1SHIM r[1][141]=00000000
[ 4424.641697] mpp_av1dec av1d-master: AV1SHIM r[1][142]=00000000
[ 4424.641699] mpp_av1dec av1d-master: AV1SHIM r[1][143]=00000000
[ 4424.641701] mpp_av1dec av1d-master: AV1SHIM r[1][144]=00000000
[ 4424.641703] mpp_av1dec av1d-master: AV1SHIM r[1][145]=00000000
[ 4424.641705] mpp_av1dec av1d-master: AV1SHIM r[1][146]=00000000
[ 4424.641706] mpp_av1dec av1d-master: AV1SHIM r[1][147]=00000000
[ 4424.641709] mpp_av1dec av1d-master: AV1SHIM r[1][148]=00000000
[ 4424.641710] mpp_av1dec av1d-master: AV1SHIM r[1][149]=00000000
[ 4424.641712] mpp_av1dec av1d-master: AV1SHIM r[1][150]=00000000
[ 4424.641714] mpp_av1dec av1d-master: AV1SHIM r[1][151]=00000000
[ 4424.641716] mpp_av1dec av1d-master: AV1SHIM r[1][152]=00000000
[ 4424.641718] mpp_av1dec av1d-master: AV1SHIM r[1][153]=00000000
[ 4424.641720] mpp_av1dec av1d-master: AV1SHIM r[1][154]=00000000
[ 4424.641721] mpp_av1dec av1d-master: AV1SHIM r[1][155]=00000000
[ 4424.641724] mpp_av1dec av1d-master: AV1SHIM r[1][156]=00000000
[ 4424.641728] mpp_av1dec av1d-master: AV1SHIM r[1][157]=00000000
[ 4424.641732] mpp_av1dec av1d-master: AV1SHIM r[1][158]=00000000
[ 4424.641736] mpp_av1dec av1d-master: AV1SHIM r[1][159]=00000000
[ 4424.641739] mpp_av1dec av1d-master: AV1SHIM r[1][160]=00000000
[ 4424.641743] mpp_av1dec av1d-master: AV1SHIM r[1][161]=00000000
[ 4424.641747] mpp_av1dec av1d-master: AV1SHIM r[1][162]=00000000
[ 4424.641751] mpp_av1dec av1d-master: AV1SHIM r[1][163]=00000000
[ 4424.641755] mpp_av1dec av1d-master: AV1SHIM r[1][164]=00000000
[ 4424.641759] mpp_av1dec av1d-master: AV1SHIM r[1][165]=00000000
[ 4424.641762] mpp_av1dec av1d-master: AV1SHIM class=2 count=212
[ 4424.641765] mpp_av1dec av1d-master: AV1SHIM r[2][000]=00000000
[ 4424.641766] mpp_av1dec av1d-master: AV1SHIM r[2][001]=00000000
[ 4424.641768] mpp_av1dec av1d-master: AV1SHIM r[2][002]=00000000
[ 4424.641770] mpp_av1dec av1d-master: AV1SHIM r[2][003]=00000000
[ 4424.641772] mpp_av1dec av1d-master: AV1SHIM r[2][004]=00000000
[ 4424.641774] mpp_av1dec av1d-master: AV1SHIM r[2][005]=00000000
[ 4424.641776] mpp_av1dec av1d-master: AV1SHIM r[2][006]=00000000
[ 4424.641778] mpp_av1dec av1d-master: AV1SHIM r[2][007]=00000000
[ 4424.641779] mpp_av1dec av1d-master: AV1SHIM r[2][008]=00000000
[ 4424.641781] mpp_av1dec av1d-master: AV1SHIM r[2][009]=00000000
[ 4424.641783] mpp_av1dec av1d-master: AV1SHIM r[2][010]=00000000
[ 4424.641785] mpp_av1dec av1d-master: AV1SHIM r[2][011]=00000000
[ 4424.641787] mpp_av1dec av1d-master: AV1SHIM r[2][012]=00000000
[ 4424.641789] mpp_av1dec av1d-master: AV1SHIM r[2][013]=00000000
[ 4424.641790] mpp_av1dec av1d-master: AV1SHIM r[2][014]=00000000
[ 4424.641793] mpp_av1dec av1d-master: AV1SHIM r[2][015]=00000000
[ 4424.641796] mpp_av1dec av1d-master: AV1SHIM r[2][016]=00000000
[ 4424.641800] mpp_av1dec av1d-master: AV1SHIM r[2][017]=00000000
[ 4424.641804] mpp_av1dec av1d-master: AV1SHIM r[2][018]=00000000
[ 4424.641808] mpp_av1dec av1d-master: AV1SHIM r[2][019]=00000000
[ 4424.641812] mpp_av1dec av1d-master: AV1SHIM r[2][020]=00000000
[ 4424.641816] mpp_av1dec av1d-master: AV1SHIM r[2][021]=00000000
[ 4424.641820] mpp_av1dec av1d-master: AV1SHIM r[2][022]=00000000
[ 4424.641823] mpp_av1dec av1d-master: AV1SHIM r[2][023]=00000000
[ 4424.641827] mpp_av1dec av1d-master: AV1SHIM r[2][024]=00000000
[ 4424.641829] mpp_av1dec av1d-master: AV1SHIM r[2][025]=00000000
[ 4424.641831] mpp_av1dec av1d-master: AV1SHIM r[2][026]=00000000
[ 4424.641833] mpp_av1dec av1d-master: AV1SHIM r[2][027]=00000000
[ 4424.641835] mpp_av1dec av1d-master: AV1SHIM r[2][028]=00000000
[ 4424.641837] mpp_av1dec av1d-master: AV1SHIM r[2][029]=00000000
[ 4424.641838] mpp_av1dec av1d-master: AV1SHIM r[2][030]=00000000
[ 4424.641840] mpp_av1dec av1d-master: AV1SHIM r[2][031]=00000000
[ 4424.641842] mpp_av1dec av1d-master: AV1SHIM r[2][032]=00000000
[ 4424.641844] mpp_av1dec av1d-master: AV1SHIM r[2][033]=00000000
[ 4424.641846] mpp_av1dec av1d-master: AV1SHIM r[2][034]=00000000
[ 4424.641850] mpp_av1dec av1d-master: AV1SHIM r[2][035]=00000000
[ 4424.641854] mpp_av1dec av1d-master: AV1SHIM r[2][036]=00000000
[ 4424.641858] mpp_av1dec av1d-master: AV1SHIM r[2][037]=00000000
[ 4424.641862] mpp_av1dec av1d-master: AV1SHIM r[2][038]=00000000
[ 4424.641865] mpp_av1dec av1d-master: AV1SHIM r[2][039]=00000000
[ 4424.641868] mpp_av1dec av1d-master: AV1SHIM r[2][040]=00000000
[ 4424.641870] mpp_av1dec av1d-master: AV1SHIM r[2][041]=00000000
[ 4424.641872] mpp_av1dec av1d-master: AV1SHIM r[2][042]=00000000
[ 4424.641874] mpp_av1dec av1d-master: AV1SHIM r[2][043]=00000000
[ 4424.641876] mpp_av1dec av1d-master: AV1SHIM r[2][044]=00000000
[ 4424.641878] mpp_av1dec av1d-master: AV1SHIM r[2][045]=00000000
[ 4424.641880] mpp_av1dec av1d-master: AV1SHIM r[2][046]=00000000
[ 4424.641882] mpp_av1dec av1d-master: AV1SHIM r[2][047]=00000000
[ 4424.641884] mpp_av1dec av1d-master: AV1SHIM r[2][048]=00000000
[ 4424.641885] mpp_av1dec av1d-master: AV1SHIM r[2][049]=00000000
[ 4424.641887] mpp_av1dec av1d-master: AV1SHIM r[2][050]=00000000
[ 4424.641889] mpp_av1dec av1d-master: AV1SHIM r[2][051]=00000000
[ 4424.641891] mpp_av1dec av1d-master: AV1SHIM r[2][052]=00000000
[ 4424.641895] mpp_av1dec av1d-master: AV1SHIM r[2][053]=00000000
[ 4424.641899] mpp_av1dec av1d-master: AV1SHIM r[2][054]=00000000
[ 4424.641903] mpp_av1dec av1d-master: AV1SHIM r[2][055]=00000000
[ 4424.641907] mpp_av1dec av1d-master: AV1SHIM r[2][056]=00000000
[ 4424.641911] mpp_av1dec av1d-master: AV1SHIM r[2][057]=00000000
[ 4424.641914] mpp_av1dec av1d-master: AV1SHIM r[2][058]=00000000
[ 4424.641916] mpp_av1dec av1d-master: AV1SHIM r[2][059]=00000000
[ 4424.641918] mpp_av1dec av1d-master: AV1SHIM r[2][060]=00000000
[ 4424.641920] mpp_av1dec av1d-master: AV1SHIM r[2][061]=00000000
[ 4424.641921] mpp_av1dec av1d-master: AV1SHIM r[2][062]=00000000
[ 4424.641923] mpp_av1dec av1d-master: AV1SHIM r[2][063]=00000000
[ 4424.641925] mpp_av1dec av1d-master: AV1SHIM r[2][064]=00000000
[ 4424.641927] mpp_av1dec av1d-master: AV1SHIM r[2][065]=00000000
[ 4424.641929] mpp_av1dec av1d-master: AV1SHIM r[2][066]=00000000
[ 4424.641931] mpp_av1dec av1d-master: AV1SHIM r[2][067]=00000000
[ 4424.641933] mpp_av1dec av1d-master: AV1SHIM r[2][068]=00000000
[ 4424.641935] mpp_av1dec av1d-master: AV1SHIM r[2][069]=00000000
[ 4424.641936] mpp_av1dec av1d-master: AV1SHIM r[2][070]=00000000
[ 4424.641938] mpp_av1dec av1d-master: AV1SHIM r[2][071]=00000000
[ 4424.641940] mpp_av1dec av1d-master: AV1SHIM r[2][072]=00000000
[ 4424.641942] mpp_av1dec av1d-master: AV1SHIM r[2][073]=00000000
[ 4424.641944] mpp_av1dec av1d-master: AV1SHIM r[2][074]=00000000
[ 4424.641948] mpp_av1dec av1d-master: AV1SHIM r[2][075]=00000000
[ 4424.641952] mpp_av1dec av1d-master: AV1SHIM r[2][076]=00000000
[ 4424.641956] mpp_av1dec av1d-master: AV1SHIM r[2][077]=00000000
[ 4424.641960] mpp_av1dec av1d-master: AV1SHIM r[2][078]=00000000
[ 4424.641963] mpp_av1dec av1d-master: AV1SHIM r[2][079]=00000000
[ 4424.641968] mpp_av1dec av1d-master: AV1SHIM r[2][080]=00000000
[ 4424.641971] mpp_av1dec av1d-master: AV1SHIM r[2][081]=00000000
[ 4424.641975] mpp_av1dec av1d-master: AV1SHIM r[2][082]=00000000
[ 4424.641978] mpp_av1dec av1d-master: AV1SHIM r[2][083]=00000000
[ 4424.641980] mpp_av1dec av1d-master: AV1SHIM r[2][084]=00000000
[ 4424.641982] mpp_av1dec av1d-master: AV1SHIM r[2][085]=00000000
[ 4424.641984] mpp_av1dec av1d-master: AV1SHIM r[2][086]=00000000
[ 4424.641985] mpp_av1dec av1d-master: AV1SHIM r[2][087]=00000000
[ 4424.641987] mpp_av1dec av1d-master: AV1SHIM r[2][088]=00000000
[ 4424.641989] mpp_av1dec av1d-master: AV1SHIM r[2][089]=00000000
[ 4424.641991] mpp_av1dec av1d-master: AV1SHIM r[2][090]=00000000
[ 4424.641993] mpp_av1dec av1d-master: AV1SHIM r[2][091]=00000000
[ 4424.641995] mpp_av1dec av1d-master: AV1SHIM r[2][092]=00000000
[ 4424.641997] mpp_av1dec av1d-master: AV1SHIM r[2][093]=00000000
[ 4424.642001] mpp_av1dec av1d-master: AV1SHIM r[2][094]=00000000
[ 4424.642005] mpp_av1dec av1d-master: AV1SHIM r[2][095]=00000000
[ 4424.642009] mpp_av1dec av1d-master: AV1SHIM r[2][096]=00000000
[ 4424.642013] mpp_av1dec av1d-master: AV1SHIM r[2][097]=00000000
[ 4424.642017] mpp_av1dec av1d-master: AV1SHIM r[2][098]=00000000
[ 4424.642019] mpp_av1dec av1d-master: AV1SHIM r[2][099]=00000000
[ 4424.642021] mpp_av1dec av1d-master: AV1SHIM r[2][100]=00000000
[ 4424.642023] mpp_av1dec av1d-master: AV1SHIM r[2][101]=00000000
[ 4424.642025] mpp_av1dec av1d-master: AV1SHIM r[2][102]=00000000
[ 4424.642027] mpp_av1dec av1d-master: AV1SHIM r[2][103]=00000000
[ 4424.642029] mpp_av1dec av1d-master: AV1SHIM r[2][104]=00000000
[ 4424.642033] mpp_av1dec av1d-master: AV1SHIM r[2][105]=00000000
[ 4424.642037] mpp_av1dec av1d-master: AV1SHIM r[2][106]=00000000
[ 4424.642040] mpp_av1dec av1d-master: AV1SHIM r[2][107]=00000000
[ 4424.642042] mpp_av1dec av1d-master: AV1SHIM r[2][108]=00000000
[ 4424.642044] mpp_av1dec av1d-master: AV1SHIM r[2][109]=00000000
[ 4424.642046] mpp_av1dec av1d-master: AV1SHIM r[2][110]=00000000
[ 4424.642050] mpp_av1dec av1d-master: AV1SHIM r[2][111]=00000000
[ 4424.642054] mpp_av1dec av1d-master: AV1SHIM r[2][112]=00000000
[ 4424.642055] mpp_av1dec av1d-master: AV1SHIM r[2][113]=00000000
[ 4424.642057] mpp_av1dec av1d-master: AV1SHIM r[2][114]=00000000
[ 4424.642059] mpp_av1dec av1d-master: AV1SHIM r[2][115]=00000000
[ 4424.642061] mpp_av1dec av1d-master: AV1SHIM r[2][116]=00000000
[ 4424.642063] mpp_av1dec av1d-master: AV1SHIM r[2][117]=00000000
[ 4424.642065] mpp_av1dec av1d-master: AV1SHIM r[2][118]=00000000
[ 4424.642067] mpp_av1dec av1d-master: AV1SHIM r[2][119]=00000000
[ 4424.642071] mpp_av1dec av1d-master: AV1SHIM r[2][120]=00000000
[ 4424.642075] mpp_av1dec av1d-master: AV1SHIM r[2][121]=00000000
[ 4424.642079] mpp_av1dec av1d-master: AV1SHIM r[2][122]=00000000
[ 4424.642082] mpp_av1dec av1d-master: AV1SHIM r[2][123]=00000000
[ 4424.642084] mpp_av1dec av1d-master: AV1SHIM r[2][124]=00000000
[ 4424.642086] mpp_av1dec av1d-master: AV1SHIM r[2][125]=00000000
[ 4424.642088] mpp_av1dec av1d-master: AV1SHIM r[2][126]=00000000
[ 4424.642090] mpp_av1dec av1d-master: AV1SHIM r[2][127]=00000000
[ 4424.642094] mpp_av1dec av1d-master: AV1SHIM r[2][128]=00000000
[ 4424.642097] mpp_av1dec av1d-master: AV1SHIM r[2][129]=00000000
[ 4424.642100] mpp_av1dec av1d-master: AV1SHIM r[2][130]=00000000
[ 4424.642102] mpp_av1dec av1d-master: AV1SHIM r[2][131]=00000000
[ 4424.642104] mpp_av1dec av1d-master: AV1SHIM r[2][132]=00000000
[ 4424.642107] mpp_av1dec av1d-master: AV1SHIM r[2][133]=00000000
[ 4424.642111] mpp_av1dec av1d-master: AV1SHIM r[2][134]=00000000
[ 4424.642112] mpp_av1dec av1d-master: AV1SHIM r[2][135]=00000000
[ 4424.642115] mpp_av1dec av1d-master: AV1SHIM r[2][136]=00000000
[ 4424.642116] mpp_av1dec av1d-master: AV1SHIM r[2][137]=00000000
[ 4424.642118] mpp_av1dec av1d-master: AV1SHIM r[2][138]=00000000
[ 4424.642120] mpp_av1dec av1d-master: AV1SHIM r[2][139]=00000000
[ 4424.642122] mpp_av1dec av1d-master: AV1SHIM r[2][140]=00000000
[ 4424.642126] mpp_av1dec av1d-master: AV1SHIM r[2][141]=00000000
[ 4424.642130] mpp_av1dec av1d-master: AV1SHIM r[2][142]=00000000
[ 4424.642134] mpp_av1dec av1d-master: AV1SHIM r[2][143]=00000000
[ 4424.642137] mpp_av1dec av1d-master: AV1SHIM r[2][144]=00000000
[ 4424.642139] mpp_av1dec av1d-master: AV1SHIM r[2][145]=00000000
[ 4424.642140] mpp_av1dec av1d-master: AV1SHIM r[2][146]=00000000
[ 4424.642143] mpp_av1dec av1d-master: AV1SHIM r[2][147]=00000000
[ 4424.642144] mpp_av1dec av1d-master: AV1SHIM r[2][148]=00000000
[ 4424.642146] mpp_av1dec av1d-master: AV1SHIM r[2][149]=00000000
[ 4424.642148] mpp_av1dec av1d-master: AV1SHIM r[2][150]=00000000
[ 4424.642150] mpp_av1dec av1d-master: AV1SHIM r[2][151]=00000000
[ 4424.642152] mpp_av1dec av1d-master: AV1SHIM r[2][152]=00000000
[ 4424.642154] mpp_av1dec av1d-master: AV1SHIM r[2][153]=00000000
[ 4424.642155] mpp_av1dec av1d-master: AV1SHIM r[2][154]=00000000
[ 4424.642158] mpp_av1dec av1d-master: AV1SHIM r[2][155]=00000000
[ 4424.642162] mpp_av1dec av1d-master: AV1SHIM r[2][156]=00000000
[ 4424.642166] mpp_av1dec av1d-master: AV1SHIM r[2][157]=00000000
[ 4424.642170] mpp_av1dec av1d-master: AV1SHIM r[2][158]=00000000
[ 4424.642174] mpp_av1dec av1d-master: AV1SHIM r[2][159]=00000000
[ 4424.642178] mpp_av1dec av1d-master: AV1SHIM r[2][160]=00000000
[ 4424.642181] mpp_av1dec av1d-master: AV1SHIM r[2][161]=00000000
[ 4424.642182] mpp_av1dec av1d-master: AV1SHIM r[2][162]=00000000
[ 4424.642185] mpp_av1dec av1d-master: AV1SHIM r[2][163]=00000000
[ 4424.642186] mpp_av1dec av1d-master: AV1SHIM r[2][164]=00000000
[ 4424.642188] mpp_av1dec av1d-master: AV1SHIM r[2][165]=00000000
[ 4424.642190] mpp_av1dec av1d-master: AV1SHIM r[2][166]=00000000
[ 4424.642192] mpp_av1dec av1d-master: AV1SHIM r[2][167]=00000000
[ 4424.642194] mpp_av1dec av1d-master: AV1SHIM r[2][168]=00000000
[ 4424.642196] mpp_av1dec av1d-master: AV1SHIM r[2][169]=00000000
[ 4424.642198] mpp_av1dec av1d-master: AV1SHIM r[2][170]=00000000
[ 4424.642202] mpp_av1dec av1d-master: AV1SHIM r[2][171]=00000000
[ 4424.642206] mpp_av1dec av1d-master: AV1SHIM r[2][172]=00000000
[ 4424.642210] mpp_av1dec av1d-master: AV1SHIM r[2][173]=00000000
[ 4424.642213] mpp_av1dec av1d-master: AV1SHIM r[2][174]=00000000
[ 4424.642217] mpp_av1dec av1d-master: AV1SHIM r[2][175]=00000000
[ 4424.642219] mpp_av1dec av1d-master: AV1SHIM r[2][176]=00000000
[ 4424.642221] mpp_av1dec av1d-master: AV1SHIM r[2][177]=00000000
[ 4424.642223] mpp_av1dec av1d-master: AV1SHIM r[2][178]=00000000
[ 4424.642224] mpp_av1dec av1d-master: AV1SHIM r[2][179]=00000000
[ 4424.642227] mpp_av1dec av1d-master: AV1SHIM r[2][180]=00000000
[ 4424.642228] mpp_av1dec av1d-master: AV1SHIM r[2][181]=00000000
[ 4424.642231] mpp_av1dec av1d-master: AV1SHIM r[2][182]=00000000
[ 4424.642235] mpp_av1dec av1d-master: AV1SHIM r[2][183]=00000000
[ 4424.642239] mpp_av1dec av1d-master: AV1SHIM r[2][184]=00000000
[ 4424.642243] mpp_av1dec av1d-master: AV1SHIM r[2][185]=00000000
[ 4424.642245] mpp_av1dec av1d-master: AV1SHIM r[2][186]=00000000
[ 4424.642247] mpp_av1dec av1d-master: AV1SHIM r[2][187]=00000000
[ 4424.642249] mpp_av1dec av1d-master: AV1SHIM r[2][188]=00000000
[ 4424.642251] mpp_av1dec av1d-master: AV1SHIM r[2][189]=00000000
[ 4424.642253] mpp_av1dec av1d-master: AV1SHIM r[2][190]=00000000
[ 4424.642255] mpp_av1dec av1d-master: AV1SHIM r[2][191]=00000000
[ 4424.642257] mpp_av1dec av1d-master: AV1SHIM r[2][192]=00000000
[ 4424.642258] mpp_av1dec av1d-master: AV1SHIM r[2][193]=00000000
[ 4424.642260] mpp_av1dec av1d-master: AV1SHIM r[2][194]=00000000
[ 4424.642264] mpp_av1dec av1d-master: AV1SHIM r[2][195]=00000000
[ 4424.642268] mpp_av1dec av1d-master: AV1SHIM r[2][196]=00000000
[ 4424.642272] mpp_av1dec av1d-master: AV1SHIM r[2][197]=00000000
[ 4424.642276] mpp_av1dec av1d-master: AV1SHIM r[2][198]=00000000
[ 4424.642279] mpp_av1dec av1d-master: AV1SHIM r[2][199]=00000000
[ 4424.642281] mpp_av1dec av1d-master: AV1SHIM r[2][200]=00000000
[ 4424.642283] mpp_av1dec av1d-master: AV1SHIM r[2][201]=00000000
[ 4424.642285] mpp_av1dec av1d-master: AV1SHIM r[2][202]=00000000
[ 4424.642287] mpp_av1dec av1d-master: AV1SHIM r[2][203]=00000000
[ 4424.642288] mpp_av1dec av1d-master: AV1SHIM r[2][204]=00000000
[ 4424.642290] mpp_av1dec av1d-master: AV1SHIM r[2][205]=00000000
[ 4424.642292] mpp_av1dec av1d-master: AV1SHIM r[2][206]=00000000
[ 4424.642294] mpp_av1dec av1d-master: AV1SHIM r[2][207]=00000000
[ 4424.642296] mpp_av1dec av1d-master: AV1SHIM r[2][208]=00000000
[ 4424.642298] mpp_av1dec av1d-master: AV1SHIM r[2][209]=00000000
[ 4424.642301] mpp_av1dec av1d-master: AV1SHIM r[2][210]=00000000
[ 4424.642305] mpp_av1dec av1d-master: AV1SHIM r[2][211]=00000000
[ 4424.642309] mpp_av1dec av1d-master: AV1SHIM kick end en=00000001 base=00000004
[ 4424.643407] mpp_av1dec av1d-master: AV1SHIM irq sta_base=00000004
[ 4424.643414] mpp_av1dec av1d-master: AV1SHIM irq status=00001100
